timestamp,open,high,low,close,volume
2024-01-01T00:00:00Z,42016.92,42087.79,41982.38,42062.84,1004.50
2024-01-01T01:00:00Z,42096.93,42118.89,42011.16,42041.76,1520.68
2024-01-01T02:00:00Z,42035.43,42042.86,42009.11,42021.07,1219.84
2024-01-01T03:00:00Z,42054.03,42144.84,42045.93,42143.15,2113.35
2024-01-01T04:00:00Z,42140.36,42220.67,42076.82,42187.53,1162.16
2024-01-01T05:00:00Z,42201.78,42225.23,42155.72,42186.99,1094.28
2024-01-01T06:00:00Z,42180.12,42277.85,42084.53,42151.27,1460.22
2024-01-01T07:00:00Z,42176.76,42218.74,42139.51,42216.64,1193.17
2024-01-01T08:00:00Z,42206.17,42274.85,42066.17,42213.00,1301.85
2024-01-01T09:00:00Z,42205.89,42264.36,42135.28,42261.19,1239.04
2024-01-01T10:00:00Z,42261.10,42325.85,42156.85,42203.79,1370.82
2024-01-01T11:00:00Z,42201.82,42210.25,42141.03,42164.60,1182.21
2024-01-01T12:00:00Z,42183.16,42219.45,42077.48,42137.69,1190.09
2024-01-01T13:00:00Z,42162.50,42210.19,42102.30,42109.07,1112.74
2024-01-01T14:00:00Z,42121.32,42292.69,42000.59,42125.93,1025.14
2024-01-01T15:00:00Z,42139.36,42140.12,42134.38,42135.83,1088.58
2024-01-01T16:00:00Z,42132.93,42207.63,42089.46,42136.43,1494.30
2024-01-01T17:00:00Z,42151.07,42244.47,41986.25,42022.11,1058.76
2024-01-01T18:00:00Z,42035.68,42186.93,41888.21,42012.89,1110.78
2024-01-01T19:00:00Z,42039.63,42135.19,41884.41,42111.74,1202.89
2024-01-01T20:00:00Z,42140.49,42240.44,42070.34,42170.10,1160.38
2024-01-01T21:00:00Z,42159.93,42315.81,42019.01,42250.85,1186.23
2024-01-01T22:00:00Z,42267.03,42373.32,42135.75,42210.67,1177.88
2024-01-01T23:00:00Z,42234.54,42244.88,42140.30,42225.77,1213.47
2024-01-02T00:00:00Z,42236.61,42273.28,42192.17,42268.29,1486.12
2024-01-02T01:00:00Z,42287.85,42322.57,42207.44,42313.05,1333.55
2024-01-02T02:00:00Z,42318.17,42448.33,42193.00,42290.28,1045.61
2024-01-02T03:00:00Z,42289.51,42457.20,42196.50,42395.89,1197.75
2024-01-02T04:00:00Z,42392.71,42495.21,42299.12,42461.10,1367.26
2024-01-02T05:00:00Z,42487.53,42537.94,42477.56,42493.66,1014.80
2024-01-02T06:00:00Z,42494.47,42567.04,42445.51,42521.27,1295.01
2024-01-02T07:00:00Z,42533.13,42654.08,42407.51,42419.17,1189.68
2024-01-02T08:00:00Z,42426.59,42541.73,42362.35,42376.35,1354.64
2024-01-02T09:00:00Z,42364.27,42492.96,42251.36,42393.86,1005.21
2024-01-02T10:00:00Z,42412.38,42504.29,42337.10,42385.01,1330.21
2024-01-02T11:00:00Z,42384.45,42480.22,42344.72,42432.59,1303.77
2024-01-02T12:00:00Z,42458.30,42502.49,42444.96,42463.00,1340.99
2024-01-02T13:00:00Z,42450.31,42485.16,42435.92,42447.44,1473.31
2024-01-02T14:00:00Z,42455.94,42457.66,42381.08,42450.28,1382.84
2024-01-02T15:00:00Z,42436.16,42508.11,42278.37,42340.82,1354.33
2024-01-02T16:00:00Z,42345.58,42417.94,42313.46,42356.01,1180.07
2024-01-02T17:00:00Z,42390.40,42523.23,42311.67,42418.99,2193.84
2024-01-02T18:00:00Z,42431.54,42517.74,42298.74,42313.22,1496.03
2024-01-02T19:00:00Z,42303.60,42319.23,42230.39,42264.31,1291.64
2024-01-02T20:00:00Z,42297.12,42366.79,42205.94,42261.05,2035.22
2024-01-02T21:00:00Z,42268.84,42376.35,42154.22,42261.81,1336.48
2024-01-02T22:00:00Z,42264.14,42330.76,42167.10,42203.35,1155.75
2024-01-02T23:00:00Z,42209.84,42328.88,42099.26,42100.26,1119.68
2024-01-03T00:00:00Z,42090.96,42177.93,41968.57,42097.21,1150.16
2024-01-03T01:00:00Z,42130.40,42230.46,42104.35,42146.73,2172.15
2024-01-03T02:00:00Z,42148.47,42260.84,42127.00,42248.66,1089.13
2024-01-03T03:00:00Z,42249.01,42309.27,42148.03,42249.63,1031.52
2024-01-03T04:00:00Z,42280.15,42290.16,42267.85,42276.73,2032.87
2024-01-03T05:00:00Z,42279.42,42334.19,42151.34,42282.76,1033.69
2024-01-03T06:00:00Z,42289.37,42372.48,42242.27,42257.42,1423.63
2024-01-03T07:00:00Z,42263.93,42287.46,42144.65,42257.66,1141.04
2024-01-03T08:00:00Z,42288.26,42324.57,42284.16,42318.10,1655.93
2024-01-03T09:00:00Z,42351.36,42464.10,42241.85,42275.92,2054.86
2024-01-03T10:00:00Z,42296.17,42330.01,42192.52,42316.42,1309.21
2024-01-03T11:00:00Z,42319.09,42352.20,42293.92,42346.46,1127.52
2024-01-03T12:00:00Z,42371.73,42435.83,42326.92,42393.64,1140.44
2024-01-03T13:00:00Z,42418.40,42520.99,42386.41,42471.28,1114.79
2024-01-03T14:00:00Z,42470.97,42530.81,42400.76,42449.34,1163.60
2024-01-03T15:00:00Z,42451.45,42588.86,42392.98,42467.34,1371.47
2024-01-03T16:00:00Z,42489.13,42563.82,42473.32,42505.27,1479.98
2024-01-03T17:00:00Z,42523.00,42614.81,42409.57,42439.36,1475.57
2024-01-03T18:00:00Z,42432.31,42494.82,42401.73,42493.82,1139.62
2024-01-03T19:00:00Z,42494.58,42567.05,42419.60,42446.93,1097.03
2024-01-03T20:00:00Z,42479.43,42528.06,42369.48,42440.05,2247.31
2024-01-03T21:00:00Z,42445.16,42467.36,42313.36,42462.83,1066.53
2024-01-03T22:00:00Z,42461.72,42537.32,42410.70,42450.91,1442.91
2024-01-03T23:00:00Z,42444.45,42522.01,42396.79,42500.00,1493.74
2024-01-04T00:00:00Z,42533.94,42678.76,42531.18,42563.82,1717.37
2024-01-04T01:00:00Z,42586.17,42609.91,42527.32,42601.29,1430.78
2024-01-04T02:00:00Z,42587.69,42633.36,42563.16,42594.85,1265.60
2024-01-04T03:00:00Z,42594.26,42629.25,42576.82,42592.77,1308.22
2024-01-04T04:00:00Z,42615.78,42646.22,42478.64,42645.10,1196.59
2024-01-04T05:00:00Z,42632.66,42690.26,42483.03,42567.95,1089.53
2024-01-04T06:00:00Z,42583.54,42688.88,42570.70,42678.94,1286.74
2024-01-04T07:00:00Z,42703.70,42740.29,42628.28,42629.66,1030.58
2024-01-04T08:00:00Z,42625.49,42629.91,42489.55,42582.13,1105.80
2024-01-04T09:00:00Z,42568.45,42609.83,42525.35,42534.90,1268.34
2024-01-04T10:00:00Z,42565.98,42697.22,42421.12,42496.28,1614.59
2024-01-04T11:00:00Z,42517.74,42552.18,42504.71,42529.77,1145.30
2024-01-04T12:00:00Z,42519.17,42529.45,42386.70,42492.07,1492.15
2024-01-04T13:00:00Z,42500.02,42624.18,42430.00,42436.61,1063.72
2024-01-04T14:00:00Z,42423.44,42540.15,42393.20,42482.33,1418.59
2024-01-04T15:00:00Z,42475.95,42612.56,42413.52,42591.80,1059.89
2024-01-04T16:00:00Z,42611.88,42633.77,42511.07,42631.81,1082.16
2024-01-04T17:00:00Z,42619.40,42678.04,42584.44,42626.90,1188.11
2024-01-04T18:00:00Z,42619.07,42732.70,42467.88,42623.38,1314.57
2024-01-04T19:00:00Z,42654.92,42784.66,42470.98,42684.09,2017.71
2024-01-04T20:00:00Z,42674.98,42705.73,42532.88,42628.00,1162.91
2024-01-04T21:00:00Z,42637.21,42678.86,42489.88,42638.65,1179.35
2024-01-04T22:00:00Z,42654.11,42680.59,42609.62,42635.52,1365.95
2024-01-04T23:00:00Z,42629.51,42695.67,42618.94,42654.27,1194.62
2024-01-05T00:00:00Z,42684.04,42711.98,42554.18,42624.28,1415.53
2024-01-05T01:00:00Z,42645.77,42684.55,42554.36,42633.63,1286.67
2024-01-05T02:00:00Z,42619.51,42664.56,42608.44,42644.65,1466.94
2024-01-05T03:00:00Z,42661.60,42666.89,42653.08,42655.15,1439.78
2024-01-05T04:00:00Z,42623.63,42737.22,42560.59,42690.34,3216.45
2024-01-05T05:00:00Z,42684.95,42840.89,42667.32,42794.25,1486.58
2024-01-05T06:00:00Z,42762.05,42916.86,42598.64,42886.92,2104.38
2024-01-05T07:00:00Z,42863.59,42987.18,42727.25,42938.66,1453.54
2024-01-05T08:00:00Z,42944.63,42971.55,42870.63,42937.92,1095.02
2024-01-05T09:00:00Z,42907.78,43104.31,42876.28,43047.91,2001.39
2024-01-05T10:00:00Z,43058.36,43066.46,42973.10,43030.61,1221.49
2024-01-05T11:00:00Z,43046.22,43125.08,42946.12,43017.47,1014.52
2024-01-05T12:00:00Z,42985.62,43120.50,42873.33,42990.51,1774.85
2024-01-05T13:00:00Z,42982.62,43009.92,42976.54,43003.30,1425.32
2024-01-05T14:00:00Z,43012.38,43129.79,42989.28,43059.19,1166.09
2024-01-05T15:00:00Z,43042.00,43178.55,43017.22,43141.44,1083.19
2024-01-05T16:00:00Z,43143.56,43146.74,43093.63,43132.55,1215.72
2024-01-05T17:00:00Z,43109.07,43176.58,43021.95,43143.59,1350.73
2024-01-05T18:00:00Z,43121.14,43263.22,43036.40,43158.57,1188.76
2024-01-05T19:00:00Z,43151.57,43189.47,43100.61,43140.19,1153.12
2024-01-05T20:00:00Z,43122.74,43191.66,43018.43,43175.20,1164.65
2024-01-05T21:00:00Z,43166.63,43265.47,43151.20,43252.91,1279.95
2024-01-05T22:00:00Z,43247.48,43325.63,43204.20,43256.94,1439.62
2024-01-05T23:00:00Z,43247.04,43362.31,43204.07,43316.62,1213.68
2024-01-06T00:00:00Z,43297.16,43325.58,43286.39,43308.07,1051.81
2024-01-06T01:00:00Z,43290.80,43407.77,43273.59,43362.87,1391.45
2024-01-06T02:00:00Z,43347.49,43420.54,43278.16,43282.03,1159.15
2024-01-06T03:00:00Z,43254.10,43413.02,43156.93,43265.07,1232.27
2024-01-06T04:00:00Z,43240.99,43318.07,43216.99,43298.34,1314.99
2024-01-06T05:00:00Z,43292.54,43307.48,43195.37,43233.01,1052.96
2024-01-06T06:00:00Z,43232.21,43298.46,43182.66,43215.27,1105.64
2024-01-06T07:00:00Z,43199.12,43370.04,43182.18,43263.92,1438.72
2024-01-06T08:00:00Z,43242.12,43260.07,43163.25,43258.50,1105.01
2024-01-06T09:00:00Z,43233.37,43253.50,43086.14,43150.04,1464.74
2024-01-06T10:00:00Z,43126.34,43148.86,43023.10,43134.40,1082.83
2024-01-06T11:00:00Z,43123.00,43189.26,43062.23,43102.89,1494.65
2024-01-06T12:00:00Z,43113.82,43216.09,43030.99,43164.43,1009.28
2024-01-06T13:00:00Z,43156.44,43277.19,43087.59,43176.94,1079.60
2024-01-06T14:00:00Z,43171.62,43244.41,43122.81,43176.38,1479.43
2024-01-06T15:00:00Z,43172.04,43243.93,43056.93,43113.17,1356.13
2024-01-06T16:00:00Z,43085.55,43095.25,42954.28,42988.12,1341.99
2024-01-06T17:00:00Z,42958.20,43044.02,42854.73,42981.72,1033.69
2024-01-06T18:00:00Z,42966.07,42989.47,42937.80,42980.42,1234.80
2024-01-06T19:00:00Z,42981.74,43065.10,42919.16,43054.82,1200.39
2024-01-06T20:00:00Z,43071.26,43078.13,43018.05,43051.07,1253.03
2024-01-06T21:00:00Z,43045.91,43113.13,43015.83,43096.30,1157.64
2024-01-06T22:00:00Z,43112.40,43263.23,43106.98,43198.42,1499.03
2024-01-06T23:00:00Z,43168.00,43209.59,43056.67,43132.60,1641.77
2024-01-07T00:00:00Z,43147.78,43195.92,43010.59,43132.10,1102.24
2024-01-07T01:00:00Z,43105.98,43213.66,42950.36,43188.90,1234.08
2024-01-07T02:00:00Z,43185.42,43316.33,43156.21,43156.46,1342.10
2024-01-07T03:00:00Z,43165.43,43286.76,43056.38,43193.83,1212.88
2024-01-07T04:00:00Z,43210.78,43307.83,43210.38,43300.28,1372.62
2024-01-07T05:00:00Z,43271.81,43295.50,43268.36,43295.09,1028.11
2024-01-07T06:00:00Z,43285.72,43367.26,43221.80,43341.00,1012.81
2024-01-07T07:00:00Z,43334.12,43420.70,43293.82,43348.68,1139.53
2024-01-07T08:00:00Z,43328.26,43382.71,43306.46,43376.03,1001.03
2024-01-07T09:00:00Z,43390.97,43420.43,43291.49,43331.80,1243.53
2024-01-07T10:00:00Z,43342.45,43456.75,43331.33,43446.68,1112.45
2024-01-07T11:00:00Z,43457.69,43556.75,43449.85,43542.11,1098.63
2024-01-07T12:00:00Z,43551.95,43609.49,43522.09,43549.20,1221.53
2024-01-07T13:00:00Z,43552.43,43563.58,43529.27,43551.37,1153.84
2024-01-07T14:00:00Z,43533.61,43644.82,43514.09,43535.84,1060.31
2024-01-07T15:00:00Z,43508.01,43600.59,43468.90,43507.70,1056.49
2024-01-07T16:00:00Z,43519.00,43521.87,43413.11,43491.18,1202.09
2024-01-07T17:00:00Z,43470.46,43554.05,43344.68,43367.56,1063.61
2024-01-07T18:00:00Z,43369.83,43395.23,43240.00,43291.62,1494.79
2024-01-07T19:00:00Z,43261.08,43298.64,43127.44,43287.94,2117.90
2024-01-07T20:00:00Z,43278.10,43300.71,43255.42,43262.80,1323.61
2024-01-07T21:00:00Z,43275.91,43391.69,43190.93,43191.48,1071.08
2024-01-07T22:00:00Z,43194.19,43310.82,43094.26,43266.36,1229.38
2024-01-07T23:00:00Z,43255.24,43321.76,43169.32,43272.88,1459.91
2024-01-08T00:00:00Z,43283.47,43303.91,43140.04,43261.64,1205.90
2024-01-08T01:00:00Z,43232.11,43334.25,43209.09,43304.02,1416.44
2024-01-08T02:00:00Z,43300.32,43440.98,43166.95,43322.86,1407.93
2024-01-08T03:00:00Z,43312.52,43364.25,43232.00,43256.88,1048.01
2024-01-08T04:00:00Z,43247.77,43311.26,43206.88,43225.96,1049.04
2024-01-08T05:00:00Z,43219.14,43287.60,43122.75,43203.96,1142.40
2024-01-08T06:00:00Z,43184.63,43285.13,43169.74,43242.09,1408.13
2024-01-08T07:00:00Z,43250.14,43330.98,43209.34,43232.98,1484.88
2024-01-08T08:00:00Z,43221.44,43297.03,43135.96,43268.50,1255.20
2024-01-08T09:00:00Z,43267.95,43345.26,43126.02,43184.32,1493.35
2024-01-08T10:00:00Z,43192.51,43212.03,43011.16,43173.43,1232.07
2024-01-08T11:00:00Z,43142.81,43241.15,43098.62,43147.33,2035.08
2024-01-08T12:00:00Z,43133.33,43216.99,43061.77,43198.85,1378.90
2024-01-08T13:00:00Z,43206.73,43322.86,43132.78,43206.90,1229.91
2024-01-08T14:00:00Z,43189.66,43279.80,43145.18,43155.83,1441.19
2024-01-08T15:00:00Z,43166.90,43281.13,43113.87,43179.51,1146.51
2024-01-08T16:00:00Z,43189.09,43309.44,43015.55,43227.80,1039.90
2024-01-08T17:00:00Z,43237.44,43287.62,43162.55,43208.23,1377.90
2024-01-08T18:00:00Z,43211.03,43321.81,43108.93,43267.19,1424.27
2024-01-08T19:00:00Z,43244.19,43320.04,43230.92,43273.60,1072.44
2024-01-08T20:00:00Z,43277.42,43413.71,43187.74,43213.37,1084.54
2024-01-08T21:00:00Z,43224.05,43309.79,43113.69,43169.08,1101.49
2024-01-08T22:00:00Z,43138.54,43237.31,43058.46,43192.37,2244.82
2024-01-08T23:00:00Z,43208.32,43293.26,43205.41,43268.47,1339.08
2024-01-09T00:00:00Z,43255.16,43383.97,43251.39,43308.53,1353.47
2024-01-09T01:00:00Z,43322.23,43440.54,43239.68,43328.07,1195.01
2024-01-09T02:00:00Z,43332.09,43417.50,43242.75,43384.57,1414.60
2024-01-09T03:00:00Z,43365.87,43371.35,43353.25,43356.11,1287.60
2024-01-09T04:00:00Z,43366.36,43435.46,43291.25,43413.69,1451.88
2024-01-09T05:00:00Z,43389.83,43468.61,43295.79,43338.37,1021.85
2024-01-09T06:00:00Z,43352.87,43524.29,43168.37,43320.50,1158.11
2024-01-09T07:00:00Z,43293.81,43341.12,43206.87,43241.60,1011.48
2024-01-09T08:00:00Z,43277.07,43358.36,43215.46,43317.94,3509.57
2024-01-09T09:00:00Z,43308.87,43347.01,43271.63,43321.26,1483.44
2024-01-09T10:00:00Z,43325.01,43400.64,43285.28,43310.07,1039.53
2024-01-09T11:00:00Z,43308.10,43345.44,43200.60,43275.15,1040.78
2024-01-09T12:00:00Z,43313.45,43463.94,43287.32,43436.13,1739.13
2024-01-09T13:00:00Z,43456.01,43546.61,43370.76,43414.94,1475.62
2024-01-09T14:00:00Z,43407.72,43562.61,43371.01,43380.93,1344.12
2024-01-09T15:00:00Z,43399.84,43405.70,43289.62,43330.54,1144.10
2024-01-09T16:00:00Z,43335.02,43434.58,43314.46,43386.34,1331.51
2024-01-09T17:00:00Z,43394.73,43469.44,43332.50,43434.87,1036.97
2024-01-09T18:00:00Z,43468.28,43473.83,43367.10,43387.81,1567.92
2024-01-09T19:00:00Z,43397.96,43525.68,43317.72,43459.00,1210.78
2024-01-09T20:00:00Z,43495.87,43606.37,43444.86,43502.23,2135.40
2024-01-09T21:00:00Z,43509.01,43596.36,43483.27,43557.20,1466.21
2024-01-09T22:00:00Z,43577.92,43626.82,43515.96,43612.96,1017.51
2024-01-09T23:00:00Z,43638.14,43661.57,43605.90,43641.87,1280.81
2024-01-10T00:00:00Z,43642.16,43689.02,43546.50,43557.83,1223.79
2024-01-10T01:00:00Z,43579.42,43579.76,43461.77,43573.35,1093.00
2024-01-10T02:00:00Z,43596.65,43742.84,43450.02,43640.22,1201.62
2024-01-10T03:00:00Z,43644.44,43751.29,43639.06,43645.03,1499.78
2024-01-10T04:00:00Z,43658.91,43750.19,43530.22,43668.96,1306.34
2024-01-10T05:00:00Z,43682.69,43711.18,43660.70,43686.47,1286.06
2024-01-10T06:00:00Z,43678.00,43838.21,43569.25,43834.29,1106.20
2024-01-10T07:00:00Z,43869.60,43916.81,43805.56,43871.29,1799.42
2024-01-10T08:00:00Z,43893.46,43921.90,43787.24,43897.10,1243.01
2024-01-10T09:00:00Z,43912.04,44006.64,43819.54,43904.43,1456.88
2024-01-10T10:00:00Z,43900.34,44008.01,43800.28,43867.67,1244.36
2024-01-10T11:00:00Z,43897.86,43937.03,43862.65,43865.60,1830.95
2024-01-10T12:00:00Z,43892.40,43897.54,43786.39,43796.51,1294.46
2024-01-10T13:00:00Z,43797.87,43889.43,43717.40,43732.99,1180.00
2024-01-10T14:00:00Z,43770.25,43901.25,43758.69,43857.60,1631.16
2024-01-10T15:00:00Z,43857.61,43899.50,43791.56,43817.17,1496.25
2024-01-10T16:00:00Z,43810.44,43901.97,43707.02,43756.02,1294.33
2024-01-10T17:00:00Z,43781.27,43932.19,43640.51,43645.85,1079.95
2024-01-10T18:00:00Z,43650.20,43717.61,43636.31,43683.73,1024.95
2024-01-10T19:00:00Z,43714.18,43812.28,43657.74,43769.61,1955.61
2024-01-10T20:00:00Z,43783.58,43835.57,43715.81,43794.39,1206.03
2024-01-10T21:00:00Z,43827.36,43850.70,43738.58,43783.02,2133.98
2024-01-10T22:00:00Z,43814.98,43905.73,43709.42,43799.33,2047.30
2024-01-10T23:00:00Z,43805.58,43847.67,43716.70,43776.35,1187.53
2024-01-11T00:00:00Z,43792.04,43820.04,43639.51,43791.90,1075.69
2024-01-11T01:00:00Z,43809.29,43906.07,43691.22,43866.85,1272.07
2024-01-11T02:00:00Z,43862.43,43898.93,43800.71,43887.88,1401.29
2024-01-11T03:00:00Z,43882.69,43942.48,43710.12,43744.97,1269.89
2024-01-11T04:00:00Z,43751.89,43819.83,43674.37,43786.69,1443.87
2024-01-11T05:00:00Z,43793.52,43898.37,43670.57,43720.31,1015.84
2024-01-11T06:00:00Z,43753.36,43807.19,43718.91,43734.60,2235.19
2024-01-11T07:00:00Z,43726.15,43777.99,43710.41,43741.08,1043.77
2024-01-11T08:00:00Z,43772.47,43772.83,43769.06,43769.72,2240.36
2024-01-11T09:00:00Z,43775.37,43892.57,43610.27,43795.43,1103.26
2024-01-11T10:00:00Z,43789.01,43919.84,43760.14,43882.80,1331.05
2024-01-11T11:00:00Z,43917.11,44035.51,43904.53,43950.59,1866.39
2024-01-11T12:00:00Z,43954.52,44071.39,43797.85,43916.61,1193.67
2024-01-11T13:00:00Z,43947.12,44029.68,43869.03,43876.56,2110.10
2024-01-11T14:00:00Z,43886.14,43891.61,43760.96,43785.46,1435.72
2024-01-11T15:00:00Z,43817.59,43936.82,43669.12,43672.84,1561.58
2024-01-11T16:00:00Z,43677.83,43737.29,43544.54,43694.20,1062.15
2024-01-11T17:00:00Z,43702.11,43738.11,43657.99,43686.40,1401.92
2024-01-11T18:00:00Z,43700.82,43703.24,43574.60,43587.14,1448.92
2024-01-11T19:00:00Z,43611.06,43691.12,43526.99,43547.77,1249.59
2024-01-11T20:00:00Z,43553.07,43703.83,43486.12,43545.77,1413.54
2024-01-11T21:00:00Z,43546.03,43599.61,43410.50,43422.35,1249.61
2024-01-11T22:00:00Z,43446.58,43457.88,43327.00,43369.65,1358.38
2024-01-11T23:00:00Z,43401.00,43410.03,43285.93,43296.86,1527.82
2024-01-12T00:00:00Z,43303.12,43377.14,43171.98,43181.14,1011.25
2024-01-12T01:00:00Z,43199.43,43253.97,43191.49,43195.92,1108.83
2024-01-12T02:00:00Z,43229.57,43252.18,43152.05,43188.48,1769.25
2024-01-12T03:00:00Z,43214.49,43329.80,43122.11,43259.94,1276.99
2024-01-12T04:00:00Z,43252.08,43341.15,43098.53,43205.50,1182.95
2024-01-12T05:00:00Z,43216.52,43251.71,43138.67,43153.62,1406.70
2024-01-12T06:00:00Z,43167.47,43310.96,43166.76,43281.80,1341.70
2024-01-12T07:00:00Z,43295.33,43353.78,43271.87,43299.70,1392.37
2024-01-12T08:00:00Z,43295.69,43414.10,43215.93,43240.99,1021.53
2024-01-12T09:00:00Z,43264.11,43273.59,43244.59,43254.39,1480.51
2024-01-12T10:00:00Z,43266.42,43380.11,43098.22,43098.35,1143.54
2024-01-12T11:00:00Z,43132.51,43152.57,43065.89,43107.08,1735.53
2024-01-12T12:00:00Z,43102.47,43124.31,42991.93,43041.57,1089.99
2024-01-12T13:00:00Z,43047.62,43154.98,42953.65,43059.76,1489.75
2024-01-12T14:00:00Z,43051.22,43147.74,43002.44,43075.76,1483.20
2024-01-12T15:00:00Z,43084.72,43151.91,43023.35,43108.59,1058.32
2024-01-12T16:00:00Z,43142.53,43260.29,43049.26,43069.63,2133.32
2024-01-12T17:00:00Z,43088.40,43125.62,42900.03,43029.09,1238.58
2024-01-12T18:00:00Z,43055.71,43159.71,42968.11,43119.15,1293.61
2024-01-12T19:00:00Z,43112.50,43238.34,43103.33,43220.27,1183.30
2024-01-12T20:00:00Z,43256.66,43264.42,43246.87,43247.95,1988.04
2024-01-12T21:00:00Z,43278.00,43286.83,43191.20,43284.42,1964.45
2024-01-12T22:00:00Z,43275.20,43283.79,43262.69,43276.68,1079.30
2024-01-12T23:00:00Z,43311.71,43315.29,43186.33,43241.79,2034.30
2024-01-13T00:00:00Z,43250.66,43309.40,43236.18,43280.76,1302.24
2024-01-13T01:00:00Z,43312.34,43344.90,43281.31,43298.20,1702.70
2024-01-13T02:00:00Z,43293.25,43312.88,43232.16,43297.15,1332.98
2024-01-13T03:00:00Z,43296.77,43334.57,43246.79,43317.67,1466.64
2024-01-13T04:00:00Z,43342.33,43503.41,43339.45,43358.07,1263.16
2024-01-13T05:00:00Z,43376.56,43407.14,43310.06,43393.66,1301.66
2024-01-13T06:00:00Z,43397.17,43467.01,43337.00,43437.63,1074.00
2024-01-13T07:00:00Z,43445.79,43467.56,43308.58,43451.19,1066.69
2024-01-13T08:00:00Z,43487.43,43604.62,43367.43,43409.97,2010.21
2024-01-13T09:00:00Z,43434.29,43534.28,43410.99,43481.26,1334.64
2024-01-13T10:00:00Z,43488.43,43639.97,43486.73,43552.54,1113.36
2024-01-13T11:00:00Z,43574.46,43615.77,43547.48,43593.93,1197.12
2024-01-13T12:00:00Z,43599.59,43716.16,43523.93,43655.18,1472.52
2024-01-13T13:00:00Z,43646.91,43649.87,43621.13,43629.10,1107.08
2024-01-13T14:00:00Z,43649.04,43666.44,43645.54,43665.43,1138.50
2024-01-13T15:00:00Z,43671.49,43741.58,43522.21,43659.94,1178.75
2024-01-13T16:00:00Z,43656.55,43713.56,43648.94,43653.62,1001.24
2024-01-13T17:00:00Z,43691.56,43796.50,43596.89,43725.49,2180.66
2024-01-13T18:00:00Z,43728.40,43793.84,43671.40,43712.01,1298.05
2024-01-13T19:00:00Z,43735.78,43813.48,43674.47,43683.76,1308.75
2024-01-13T20:00:00Z,43685.74,43779.38,43579.49,43603.76,1369.02
2024-01-13T21:00:00Z,43594.96,43664.70,43568.11,43615.17,1059.17
2024-01-13T22:00:00Z,43647.43,43809.37,43614.73,43694.75,1780.14
2024-01-13T23:00:00Z,43712.39,43777.92,43669.82,43736.25,1225.88
2024-01-14T00:00:00Z,43743.54,43845.00,43707.46,43802.79,1286.97
2024-01-14T01:00:00Z,43836.54,43906.11,43827.65,43878.92,2076.39
2024-01-14T02:00:00Z,43890.55,44075.24,43883.80,43956.02,1000.79
2024-01-14T03:00:00Z,43958.41,44062.19,43862.77,43995.84,1171.28
2024-01-14T04:00:00Z,44017.07,44110.96,44012.14,44095.27,1340.00
2024-01-14T05:00:00Z,44118.38,44195.62,44052.68,44077.09,1434.57
2024-01-14T06:00:00Z,44115.83,44135.22,44111.68,44114.18,2171.94
2024-01-14T07:00:00Z,44129.90,44205.18,44065.36,44116.06,1068.91
2024-01-14T08:00:00Z,44149.49,44236.42,44071.22,44098.67,1951.22
2024-01-14T09:00:00Z,44111.96,44157.00,44013.88,44110.67,1092.36
2024-01-14T10:00:00Z,44110.96,44150.78,43962.18,44100.18,1118.36
2024-01-14T11:00:00Z,44094.87,44250.24,44077.95,44084.86,1345.10
2024-01-14T12:00:00Z,44101.36,44268.50,44076.34,44219.52,1338.75
2024-01-14T13:00:00Z,44220.91,44345.25,44147.75,44334.59,1419.36
2024-01-14T14:00:00Z,44336.46,44475.50,44325.75,44331.06,1210.42
2024-01-14T15:00:00Z,44336.03,44429.37,44326.66,44398.32,1108.38
2024-01-14T16:00:00Z,44415.98,44546.10,44334.18,44493.80,1361.88
2024-01-14T17:00:00Z,44512.98,44556.61,44491.62,44501.79,1318.21
2024-01-14T18:00:00Z,44519.34,44558.62,44447.08,44521.26,1417.17
2024-01-14T19:00:00Z,44554.24,44637.52,44446.71,44480.77,2172.38
2024-01-14T20:00:00Z,44495.00,44504.51,44491.78,44498.33,1263.89
2024-01-14T21:00:00Z,44531.25,44650.49,44528.79,44573.58,1668.55
2024-01-14T22:00:00Z,44594.05,44737.94,44565.82,44621.21,1120.24
2024-01-14T23:00:00Z,44637.51,44739.29,44596.87,44697.70,1172.13
2024-01-15T00:00:00Z,44712.50,44730.26,44596.27,44660.78,1271.51
2024-01-15T01:00:00Z,44659.77,44704.76,44612.28,44659.85,1259.96
2024-01-15T02:00:00Z,44671.55,44792.42,44621.82,44695.26,1113.25
2024-01-15T03:00:00Z,44718.75,44801.51,44659.05,44729.27,1142.41
2024-01-15T04:00:00Z,44739.64,44739.95,44632.67,44672.86,1062.76
2024-01-15T05:00:00Z,44705.42,44780.30,44667.93,44775.00,2056.47
2024-01-15T06:00:00Z,44794.20,44899.63,44787.43,44874.49,1443.37
2024-01-15T07:00:00Z,44906.95,45060.77,44814.75,44976.13,1740.36
2024-01-15T08:00:00Z,45005.14,45138.06,44885.70,45027.47,1209.38
2024-01-15T09:00:00Z,45034.59,45048.35,44986.27,45000.17,1144.55
2024-01-15T10:00:00Z,45012.87,45070.22,44938.04,44992.54,1376.65
2024-01-15T11:00:00Z,44983.40,45050.17,44933.47,44997.99,1318.47
2024-01-15T12:00:00Z,45009.27,45050.83,44905.42,45015.41,1314.43
2024-01-15T13:00:00Z,45045.41,45124.56,44950.43,44957.55,1203.17
2024-01-15T14:00:00Z,44974.35,45032.17,44942.51,44950.15,2739.40
2024-01-15T15:00:00Z,44929.05,45021.31,44907.02,44962.40,1040.33
2024-01-15T16:00:00Z,44968.27,44987.58,44947.23,44982.72,1102.15
2024-01-15T17:00:00Z,44958.16,44993.61,44844.14,44936.38,1227.16
2024-01-15T18:00:00Z,44909.22,44964.05,44817.31,44932.13,1204.61
2024-01-15T19:00:00Z,44951.20,44952.27,44846.51,44881.89,1466.28
2024-01-15T20:00:00Z,44887.54,45011.28,44782.76,44959.31,1261.31
2024-01-15T21:00:00Z,44943.86,45045.50,44942.85,44948.58,1351.57
2024-01-15T22:00:00Z,44935.20,44945.56,44930.84,44934.45,1201.78
2024-01-15T23:00:00Z,44909.92,45029.81,44795.68,44959.11,1258.67
2024-01-16T00:00:00Z,44945.46,45054.78,44901.53,44917.25,1119.14
2024-01-16T01:00:00Z,44931.28,45114.44,44798.70,44921.17,1120.40
2024-01-16T02:00:00Z,44903.70,44921.25,44830.57,44855.61,1317.53
2024-01-16T03:00:00Z,44852.99,44964.92,44757.07,44953.85,1265.06
2024-01-16T04:00:00Z,44932.27,45119.77,44757.85,45094.05,1060.95
2024-01-16T05:00:00Z,45096.22,45142.80,44958.49,45106.08,1089.40
2024-01-16T06:00:00Z,45093.80,45100.68,45022.07,45054.26,1347.54
2024-01-16T07:00:00Z,45071.98,45174.56,45024.36,45122.23,1246.21
2024-01-16T08:00:00Z,45139.10,45185.58,45045.13,45054.22,1441.90
2024-01-16T09:00:00Z,45057.01,45133.89,44945.28,45068.45,1456.10
2024-01-16T10:00:00Z,45044.24,45117.51,45033.51,45061.53,1426.26
2024-01-16T11:00:00Z,45064.19,45154.81,45024.83,45154.36,1423.70
2024-01-16T12:00:00Z,45142.16,45254.74,45126.38,45176.38,1498.96
2024-01-16T13:00:00Z,45194.10,45224.97,45052.37,45169.97,1203.35
2024-01-16T14:00:00Z,45144.34,45241.78,45086.06,45224.18,1038.79
2024-01-16T15:00:00Z,45212.58,45281.67,45164.07,45263.43,1376.75
2024-01-16T16:00:00Z,45281.25,45318.71,45268.89,45290.74,1453.56
2024-01-16T17:00:00Z,45271.44,45389.12,45191.85,45356.28,1390.67
2024-01-16T18:00:00Z,45359.80,45513.91,45303.30,45498.22,1195.66
2024-01-16T19:00:00Z,45512.45,45635.43,45356.53,45564.45,1013.71
2024-01-16T20:00:00Z,45581.90,45613.14,45437.24,45479.07,1464.05
2024-01-16T21:00:00Z,45474.15,45535.08,45407.52,45411.89,1380.88
2024-01-16T22:00:00Z,45413.62,45473.18,45329.64,45391.27,1111.38
2024-01-16T23:00:00Z,45399.03,45500.99,45216.34,45345.52,1039.40
2024-01-17T00:00:00Z,45333.64,45370.18,45213.07,45221.35,1088.98
2024-01-17T01:00:00Z,45228.00,45252.18,45076.32,45103.04,1487.35
2024-01-17T02:00:00Z,45112.98,45219.79,45037.85,45189.93,1109.98
2024-01-17T03:00:00Z,45179.89,45187.19,45006.93,45059.50,1184.06
2024-01-17T04:00:00Z,45061.24,45093.95,45005.79,45075.94,1163.92
2024-01-17T05:00:00Z,45082.08,45115.43,45005.08,45018.98,1190.83
2024-01-17T06:00:00Z,45027.86,45054.65,44972.75,44978.59,1346.03
2024-01-17T07:00:00Z,44995.30,45116.28,44984.58,45070.50,1234.04
2024-01-17T08:00:00Z,45074.69,45183.29,44910.14,45067.20,1239.11
2024-01-17T09:00:00Z,45043.29,45104.52,44916.31,45066.82,1376.96
2024-01-17T10:00:00Z,45039.22,45061.42,44891.70,45006.16,1343.62
2024-01-17T11:00:00Z,45007.14,45080.46,44928.33,44935.14,1172.67
2024-01-17T12:00:00Z,44920.38,45083.87,44909.91,45040.00,1448.01
2024-01-17T13:00:00Z,45050.12,45181.81,44981.73,45054.24,1489.52
2024-01-17T14:00:00Z,45068.16,45075.75,45059.38,45060.15,1276.24
2024-01-17T15:00:00Z,45045.55,45064.77,44984.84,44999.47,1204.19
2024-01-17T16:00:00Z,45004.69,45021.63,44910.85,44968.04,1283.29
2024-01-17T17:00:00Z,44960.81,45053.69,44934.84,45041.81,1303.23
2024-01-17T18:00:00Z,45023.73,45120.95,44977.58,45015.87,1121.45
2024-01-17T19:00:00Z,44990.75,45113.51,44947.54,45082.49,1183.14
2024-01-17T20:00:00Z,45083.39,45188.28,45039.08,45185.14,1004.39
2024-01-17T21:00:00Z,45180.89,45252.02,45109.26,45120.75,1279.54
2024-01-17T22:00:00Z,45105.59,45237.27,45032.75,45168.47,1242.27
2024-01-17T23:00:00Z,45143.64,45229.13,45098.10,45106.53,1348.36
2024-01-18T00:00:00Z,45118.50,45163.52,45110.06,45120.30,1185.92
2024-01-18T01:00:00Z,45115.24,45203.47,44947.03,45032.27,1191.60
2024-01-18T02:00:00Z,45014.08,45092.40,44953.66,45005.23,1389.66
2024-01-18T03:00:00Z,44981.96,45023.15,44858.80,44974.14,1475.09
2024-01-18T04:00:00Z,44944.90,45045.43,44781.20,44849.44,1087.39
2024-01-18T05:00:00Z,44860.38,44869.56,44858.29,44860.46,1275.00
2024-01-18T06:00:00Z,44861.09,44963.48,44801.47,44818.16,1440.80
2024-01-18T07:00:00Z,44834.24,44936.86,44690.96,44727.42,1432.77
2024-01-18T08:00:00Z,44700.65,44762.19,44690.43,44707.36,1432.11
2024-01-18T09:00:00Z,44715.50,44718.87,44618.38,44623.31,1227.20
2024-01-18T10:00:00Z,44601.83,44668.71,44555.73,44579.35,1354.56
2024-01-18T11:00:00Z,44573.39,44674.96,44506.91,44507.31,1211.43
2024-01-18T12:00:00Z,44509.96,44562.52,44476.15,44516.83,1379.78
2024-01-18T13:00:00Z,44516.87,44542.68,44485.80,44497.59,1004.31
2024-01-18T14:00:00Z,44490.06,44669.97,44341.52,44407.06,1475.41
2024-01-18T15:00:00Z,44395.68,44455.41,44387.02,44434.43,1153.30
2024-01-18T16:00:00Z,44442.10,44479.16,44410.87,44411.20,1469.23
2024-01-18T17:00:00Z,44419.59,44463.68,44254.55,44313.34,1302.16
2024-01-18T18:00:00Z,44295.02,44307.27,44243.67,44291.48,1289.16
2024-01-18T19:00:00Z,44296.64,44394.74,44124.82,44178.90,1198.79
2024-01-18T20:00:00Z,44151.67,44213.39,43995.98,44072.23,1055.82
2024-01-18T21:00:00Z,44068.28,44144.35,43964.64,43978.53,1441.73
2024-01-18T22:00:00Z,43982.57,44028.63,43951.83,43976.45,1433.37
2024-01-18T23:00:00Z,43966.56,44101.73,43843.45,43981.40,1056.66
2024-01-19T00:00:00Z,43975.10,44108.49,43907.09,43956.22,1052.57
2024-01-19T01:00:00Z,43942.78,43994.72,43880.15,43947.95,1120.02
2024-01-19T02:00:00Z,43957.11,43957.34,43823.30,43847.77,1236.64
2024-01-19T03:00:00Z,43852.59,43927.15,43799.56,43807.63,1105.34
2024-01-19T04:00:00Z,43784.51,43815.60,43684.66,43811.64,1145.36
2024-01-19T05:00:00Z,43825.83,43883.09,43712.99,43855.64,1261.17
2024-01-19T06:00:00Z,43865.28,43988.66,43759.60,43780.48,1462.52
2024-01-19T07:00:00Z,43751.65,43790.23,43626.33,43756.18,1285.69
2024-01-19T08:00:00Z,43758.04,43901.95,43571.26,43832.89,1454.48
2024-01-19T09:00:00Z,43826.15,43919.36,43817.90,43860.12,1058.97
2024-01-19T10:00:00Z,43852.85,43981.81,43781.70,43848.20,1080.68
2024-01-19T11:00:00Z,43821.75,43971.45,43692.83,43706.75,1222.13
2024-01-19T12:00:00Z,43709.13,43811.60,43683.98,43718.04,1446.21
2024-01-19T13:00:00Z,43726.90,43861.71,43676.68,43736.82,1326.32
2024-01-19T14:00:00Z,43752.01,43821.61,43653.18,43775.28,1222.02
2024-01-19T15:00:00Z,43761.97,43851.12,43735.16,43765.51,1012.86
2024-01-19T16:00:00Z,43773.09,43806.10,43748.44,43754.40,1320.71
2024-01-19T17:00:00Z,43725.78,43781.89,43706.70,43733.46,1440.80
2024-01-19T18:00:00Z,43741.50,43776.37,43640.08,43762.92,1201.63
2024-01-19T19:00:00Z,43740.02,43842.31,43697.29,43704.96,1492.57
2024-01-19T20:00:00Z,43711.71,43761.28,43619.30,43695.47,1208.16
2024-01-19T21:00:00Z,43682.01,43833.97,43545.33,43585.81,1366.45
2024-01-19T22:00:00Z,43564.54,43569.75,43513.89,43566.68,1282.68
2024-01-19T23:00:00Z,43584.65,43653.91,43493.48,43652.19,1304.93
2024-01-20T00:00:00Z,43634.80,43686.56,43616.40,43669.81,1334.88
2024-01-20T01:00:00Z,43662.91,43765.08,43540.52,43616.16,1236.07
2024-01-20T02:00:00Z,43597.10,43612.04,43533.70,43541.84,1298.97
2024-01-20T03:00:00Z,43546.00,43623.91,43492.40,43501.35,1007.30
2024-01-20T04:00:00Z,43500.86,43510.01,43368.00,43463.76,1179.64
2024-01-20T05:00:00Z,43444.70,43474.70,43372.12,43388.76,1308.96
2024-01-20T06:00:00Z,43383.28,43537.85,43350.95,43478.54,1006.66
2024-01-20T07:00:00Z,43466.16,43587.72,43387.28,43558.05,1466.58
2024-01-20T08:00:00Z,43533.38,43598.27,43433.31,43497.00,1228.31
2024-01-20T09:00:00Z,43490.32,43530.74,43436.67,43454.08,1079.41
2024-01-20T10:00:00Z,43426.27,43476.86,43387.64,43429.67,1107.32
2024-01-20T11:00:00Z,43429.88,43461.04,43394.75,43419.45,1395.04
2024-01-20T12:00:00Z,43406.63,43453.05,43357.73,43369.49,1128.08
2024-01-20T13:00:00Z,43385.51,43470.03,43223.74,43276.57,1452.17
2024-01-20T14:00:00Z,43253.68,43357.17,43208.40,43301.05,1441.48
2024-01-20T15:00:00Z,43310.28,43417.75,43240.96,43281.36,1089.58
2024-01-20T16:00:00Z,43296.09,43491.59,43278.59,43287.89,1466.20
2024-01-20T17:00:00Z,43281.73,43400.46,43139.45,43359.33,1223.24
2024-01-20T18:00:00Z,43344.27,43410.91,43338.52,43389.00,1176.10
2024-01-20T19:00:00Z,43383.78,43476.30,43283.56,43473.59,1150.46
2024-01-20T20:00:00Z,43453.42,43534.04,43295.78,43441.33,1091.17
2024-01-20T21:00:00Z,43420.47,43432.06,43397.51,43406.52,1232.38
2024-01-20T22:00:00Z,43409.49,43422.72,43298.65,43399.81,1271.38
2024-01-20T23:00:00Z,43414.84,43514.74,43412.85,43491.70,1158.44
2024-01-21T00:00:00Z,43471.87,43637.50,43346.31,43609.99,1061.91
2024-01-21T01:00:00Z,43615.06,43724.60,43522.62,43631.33,1041.14
2024-01-21T02:00:00Z,43603.20,43625.30,43525.43,43566.96,1151.81
2024-01-21T03:00:00Z,43572.54,43668.12,43557.69,43620.12,1201.86
2024-01-21T04:00:00Z,43614.07,43637.79,43585.50,43631.27,1136.21
2024-01-21T05:00:00Z,43608.40,43717.89,43498.42,43513.07,1053.94
2024-01-21T06:00:00Z,43491.49,43561.36,43362.03,43542.77,1035.85
2024-01-21T07:00:00Z,43515.22,43657.56,43456.20,43623.68,1254.91
2024-01-21T08:00:00Z,43614.85,43671.07,43533.77,43585.38,1150.51
2024-01-21T09:00:00Z,43565.39,43663.14,43510.73,43561.62,1061.18
2024-01-21T10:00:00Z,43541.88,43643.69,43455.42,43468.72,1463.41
2024-01-21T11:00:00Z,43476.59,43564.03,43410.54,43550.05,1420.94
2024-01-21T12:00:00Z,43544.78,43616.70,43443.07,43451.44,1183.23
2024-01-21T13:00:00Z,43449.99,43465.31,43444.34,43445.05,1172.81
2024-01-21T14:00:00Z,43450.03,43465.12,43395.93,43450.10,1175.85
2024-01-21T15:00:00Z,43435.96,43532.18,43306.28,43516.49,1029.90
2024-01-21T16:00:00Z,43495.93,43594.17,43382.93,43408.70,1049.40
2024-01-21T17:00:00Z,43411.37,43509.95,43367.45,43399.91,1245.74
2024-01-21T18:00:00Z,43399.92,43511.65,43262.42,43466.97,1198.34
2024-01-21T19:00:00Z,43473.55,43597.76,43419.58,43489.39,1228.97
2024-01-21T20:00:00Z,43471.89,43545.01,43384.76,43447.35,1295.43
2024-01-21T21:00:00Z,43443.31,43466.15,43396.36,43404.87,1197.09
2024-01-21T22:00:00Z,43408.66,43513.27,43306.05,43380.20,1056.58
2024-01-21T23:00:00Z,43381.51,43434.69,43227.98,43365.65,1039.94
2024-01-22T00:00:00Z,43378.75,43384.78,43316.85,43343.43,1460.99
2024-01-22T01:00:00Z,43326.25,43335.95,43200.94,43315.54,1045.00
2024-01-22T02:00:00Z,43321.91,43491.52,43177.13,43261.51,1230.52
2024-01-22T03:00:00Z,43269.54,43323.00,43237.79,43309.29,1192.87
2024-01-22T04:00:00Z,43296.24,43377.18,43184.23,43306.03,1295.77
2024-01-22T05:00:00Z,43322.11,43398.82,43233.07,43240.52,1117.20
2024-01-22T06:00:00Z,43257.13,43385.58,43129.39,43237.67,1414.38
2024-01-22T07:00:00Z,43229.33,43237.05,43193.18,43198.99,1251.60
2024-01-22T08:00:00Z,43182.78,43249.13,43168.92,43217.97,1300.25
2024-01-22T09:00:00Z,43219.33,43296.53,43143.42,43209.68,1107.78
2024-01-22T10:00:00Z,43216.08,43356.33,43090.04,43316.82,1115.77
2024-01-22T11:00:00Z,43318.97,43415.08,43271.48,43405.27,1417.41
2024-01-22T12:00:00Z,43380.18,43394.24,43362.64,43388.57,1222.44
2024-01-22T13:00:00Z,43398.42,43417.77,43366.37,43393.31,1375.20
2024-01-22T14:00:00Z,43407.40,43412.05,43351.37,43362.25,1431.25
2024-01-22T15:00:00Z,43338.97,43377.89,43256.62,43281.05,1319.03
2024-01-22T16:00:00Z,43293.30,43344.87,43268.61,43291.92,1223.43
2024-01-22T17:00:00Z,43300.80,43390.72,43181.56,43195.89,1430.77
2024-01-22T18:00:00Z,43176.46,43199.77,43032.85,43108.20,1332.45
2024-01-22T19:00:00Z,43081.12,43221.53,42971.64,43145.63,1322.31
2024-01-22T20:00:00Z,43151.63,43305.26,43027.45,43030.32,1043.92
2024-01-22T21:00:00Z,43045.79,43196.60,43000.02,43102.99,1098.23
2024-01-22T22:00:00Z,43089.24,43238.77,43085.39,43098.80,1018.29
2024-01-22T23:00:00Z,43092.74,43191.85,43003.75,43049.00,1023.70
2024-01-23T00:00:00Z,43027.11,43033.25,42992.34,43024.30,1056.03
2024-01-23T01:00:00Z,43003.57,43035.72,42841.56,42854.45,1332.69
2024-01-23T02:00:00Z,42845.64,42859.45,42802.21,42818.45,1156.65
2024-01-23T03:00:00Z,42833.67,42923.21,42794.91,42807.34,1004.06
2024-01-23T04:00:00Z,42784.43,42871.51,42641.39,42804.37,1226.94
2024-01-23T05:00:00Z,42778.12,42874.90,42732.47,42805.69,1423.21
2024-01-23T06:00:00Z,42814.86,42858.15,42658.51,42858.00,1329.44
2024-01-23T07:00:00Z,42875.97,43030.14,42872.05,42948.03,1367.41
2024-01-23T08:00:00Z,42929.55,43124.33,42905.58,42982.24,1492.05
2024-01-23T09:00:00Z,42973.46,43115.25,42949.77,42976.54,1434.36
2024-01-23T10:00:00Z,42952.65,42956.55,42835.27,42944.27,1489.01
2024-01-23T11:00:00Z,42939.03,43078.57,42868.61,42877.93,1440.47
2024-01-23T12:00:00Z,42864.88,43049.66,42835.45,43026.93,1323.50
2024-01-23T13:00:00Z,43023.81,43127.96,42934.93,43042.51,1076.70
2024-01-23T14:00:00Z,43012.99,43021.84,42950.86,42982.22,1107.48
2024-01-23T15:00:00Z,42991.97,43105.68,42885.97,43057.00,1395.37
2024-01-23T16:00:00Z,43034.51,43083.96,42975.78,43017.68,1008.96
2024-01-23T17:00:00Z,43033.72,43118.05,42975.42,43098.31,1192.25
2024-01-23T18:00:00Z,43068.75,43162.90,42939.26,42999.60,1148.86
2024-01-23T19:00:00Z,42977.03,42998.94,42955.03,42958.57,1287.78
2024-01-23T20:00:00Z,42955.04,42989.81,42942.10,42949.15,1416.03
2024-01-23T21:00:00Z,42936.97,42991.03,42911.30,42930.52,1218.72
2024-01-23T22:00:00Z,42920.52,42976.80,42859.10,42936.05,1432.79
2024-01-23T23:00:00Z,42914.75,42990.52,42773.69,42784.75,1228.43
2024-01-24T00:00:00Z,42779.94,42831.24,42769.15,42794.02,1475.59
2024-01-24T01:00:00Z,42788.42,42860.96,42770.43,42838.51,1049.24
2024-01-24T02:00:00Z,42829.74,42911.98,42822.09,42849.43,1113.70
2024-01-24T03:00:00Z,42824.11,42867.12,42700.03,42839.18,1482.61
2024-01-24T04:00:00Z,42855.29,42996.17,42775.81,42902.40,1029.71
2024-01-24T05:00:00Z,42893.02,43006.69,42743.88,42869.46,1057.11
2024-01-24T06:00:00Z,42873.36,42903.16,42848.99,42885.50,1485.87
2024-01-24T07:00:00Z,42905.26,42933.00,42833.65,42853.70,1172.15
2024-01-24T08:00:00Z,42829.90,42941.83,42764.33,42893.13,1472.37
2024-01-24T09:00:00Z,42865.13,42884.10,42724.79,42869.93,1106.96
2024-01-24T10:00:00Z,42868.34,42873.04,42857.96,42865.96,1050.30
2024-01-24T11:00:00Z,42855.62,42867.73,42823.93,42825.46,1066.65
2024-01-24T12:00:00Z,42812.71,42838.90,42803.23,42833.55,1153.10
2024-01-24T13:00:00Z,42842.83,42893.83,42800.44,42889.62,1065.08
2024-01-24T14:00:00Z,42868.75,42948.63,42821.57,42930.45,1315.54
2024-01-24T15:00:00Z,42904.37,43054.16,42737.20,42913.50,1125.13
2024-01-24T16:00:00Z,42909.01,42993.51,42845.31,42955.15,1191.63
2024-01-24T17:00:00Z,42933.22,43081.34,42917.55,42950.93,1274.03
2024-01-24T18:00:00Z,42954.34,43031.87,42931.02,42937.90,1373.56
2024-01-24T19:00:00Z,42955.62,43080.16,42857.29,43032.80,1046.67
2024-01-24T20:00:00Z,43016.88,43129.94,42936.41,42994.80,1470.94
2024-01-24T21:00:00Z,42996.15,43032.26,42952.97,43006.20,1481.41
2024-01-24T22:00:00Z,42986.37,42995.64,42900.08,42942.81,1471.85
2024-01-24T23:00:00Z,42930.61,43028.32,42850.84,42888.68,1168.01
2024-01-25T00:00:00Z,42877.84,43012.11,42837.93,42991.44,1053.25
2024-01-25T01:00:00Z,43006.45,43031.13,42868.81,42881.48,1222.13
2024-01-25T02:00:00Z,42856.68,42938.45,42743.48,42755.57,1150.42
2024-01-25T03:00:00Z,42731.27,42759.79,42685.00,42705.98,1057.09
2024-01-25T04:00:00Z,42676.77,42771.55,42608.97,42613.13,1452.10
2024-01-25T05:00:00Z,42625.33,42650.50,42623.25,42634.83,1377.47
2024-01-25T06:00:00Z,42641.61,42767.40,42501.36,42653.79,1214.18
2024-01-25T07:00:00Z,42646.20,42771.42,42551.43,42608.45,1468.10
2024-01-25T08:00:00Z,42605.29,42724.90,42511.13,42574.36,1199.21
2024-01-25T09:00:00Z,42555.62,42720.92,42500.12,42580.14,1073.20
2024-01-25T10:00:00Z,42588.31,42602.08,42543.09,42556.45,1005.11
2024-01-25T11:00:00Z,42573.74,42576.79,42480.75,42534.81,1197.22
2024-01-25T12:00:00Z,42539.10,42631.26,42383.69,42499.19,1190.96
2024-01-25T13:00:00Z,42493.43,42555.91,42447.11,42496.99,1416.57
2024-01-25T14:00:00Z,42471.19,42546.30,42456.96,42495.85,1330.57
2024-01-25T15:00:00Z,42513.86,42592.91,42431.15,42454.34,1470.04
2024-01-25T16:00:00Z,42430.73,42538.81,42341.09,42413.37,1375.32
2024-01-25T17:00:00Z,42387.35,42524.54,42344.89,42345.37,1486.51
2024-01-25T18:00:00Z,42339.42,42366.61,42282.46,42355.83,1478.86
2024-01-25T19:00:00Z,42350.16,42498.94,42270.59,42390.73,1190.43
2024-01-25T20:00:00Z,42367.27,42423.56,42321.89,42326.33,1424.95
2024-01-25T21:00:00Z,42303.42,42352.93,42266.10,42283.79,1116.98
2024-01-25T22:00:00Z,42288.16,42320.37,42282.24,42315.49,1088.28
2024-01-25T23:00:00Z,42331.21,42415.85,42217.18,42331.66,1048.59
2024-01-26T00:00:00Z,42318.92,42320.55,42314.27,42315.26,1499.38
2024-01-26T01:00:00Z,42305.48,42404.35,42240.72,42353.08,1193.79
2024-01-26T02:00:00Z,42354.23,42509.84,42313.23,42397.41,1000.56
2024-01-26T03:00:00Z,42406.71,42463.36,42263.54,42349.79,1420.46
2024-01-26T04:00:00Z,42330.43,42450.80,42189.35,42222.03,1348.85
2024-01-26T05:00:00Z,42207.77,42275.77,42049.24,42221.35,1041.53
2024-01-26T06:00:00Z,42197.20,42207.92,42100.12,42125.54,1207.10
2024-01-26T07:00:00Z,42140.12,42172.67,42118.20,42138.14,1068.96
2024-01-26T08:00:00Z,42128.51,42221.03,42056.83,42104.72,1260.32
2024-01-26T09:00:00Z,42091.30,42173.94,42084.99,42086.96,1264.09
2024-01-26T10:00:00Z,42095.75,42185.29,41983.91,42109.69,1100.62
2024-01-26T11:00:00Z,42119.76,42184.46,42008.92,42152.02,1283.85
2024-01-26T12:00:00Z,42124.49,42146.49,42093.18,42096.14,1072.31
2024-01-26T13:00:00Z,42111.70,42251.08,41998.56,41999.35,1231.47
2024-01-26T14:00:00Z,42015.13,42108.62,41986.64,42035.17,1087.26
2024-01-26T15:00:00Z,42010.57,42067.79,41983.19,42046.18,1485.68
2024-01-26T16:00:00Z,42044.80,42168.85,41998.62,42063.16,1313.23
2024-01-26T17:00:00Z,42055.16,42142.78,41953.77,42031.24,1095.22
2024-01-26T18:00:00Z,42039.20,42060.44,42034.11,42052.77,1106.91
2024-01-26T19:00:00Z,42036.69,42113.13,42002.81,42021.84,1277.00
2024-01-26T20:00:00Z,42023.21,42067.73,41905.12,42039.68,1357.19
2024-01-26T21:00:00Z,42031.37,42152.04,41854.16,42136.78,1001.73
2024-01-26T22:00:00Z,42107.01,42273.16,42015.37,42073.92,1176.39
2024-01-26T23:00:00Z,42081.66,42158.63,41954.11,42004.04,1192.88
2024-01-27T00:00:00Z,41998.10,42129.41,41905.72,41929.68,1232.39
2024-01-27T01:00:00Z,41909.51,41990.63,41907.99,41961.06,1407.99
2024-01-27T02:00:00Z,41979.58,42000.01,41921.72,41954.40,1313.06
2024-01-27T03:00:00Z,41939.76,42034.70,41913.10,41980.21,1235.12
2024-01-27T04:00:00Z,41983.31,41992.37,41929.67,41966.20,1256.31
2024-01-27T05:00:00Z,41946.30,41994.54,41788.79,41983.71,1097.34
2024-01-27T06:00:00Z,41960.78,41997.55,41797.70,41947.16,1204.82
2024-01-27T07:00:00Z,41953.39,42008.57,41864.90,41866.24,1171.26
2024-01-27T08:00:00Z,41885.17,41968.05,41795.82,41817.85,1289.42
2024-01-27T09:00:00Z,41828.56,41973.89,41668.46,41956.11,1017.68
2024-01-27T10:00:00Z,41971.92,42126.36,41864.02,42060.20,1361.08
2024-01-27T11:00:00Z,42068.71,42134.19,41955.49,42059.75,1227.98
2024-01-27T12:00:00Z,42047.57,42119.81,41982.81,41996.17,1109.21
2024-01-27T13:00:00Z,41984.95,42031.95,41934.01,42013.98,1443.40
2024-01-27T14:00:00Z,42012.03,42158.48,41908.83,42054.30,1093.59
2024-01-27T15:00:00Z,42067.77,42210.09,41924.09,42037.69,1478.80
2024-01-27T16:00:00Z,42011.41,42026.10,41993.91,42019.35,1306.06
2024-01-27T17:00:00Z,42028.14,42147.01,41963.29,42087.30,1321.85
2024-01-27T18:00:00Z,42081.99,42224.01,42005.92,42009.65,1352.57
2024-01-27T19:00:00Z,41985.04,42104.97,41906.34,41972.23,1409.32
2024-01-27T20:00:00Z,41953.91,42011.78,41893.81,42003.26,1468.03
2024-01-27T21:00:00Z,41996.53,42059.68,41908.02,41957.26,1474.40
2024-01-27T22:00:00Z,41954.46,42089.93,41791.13,41815.08,1270.93
2024-01-27T23:00:00Z,41816.08,41889.51,41789.85,41839.42,1074.95
2024-01-28T00:00:00Z,41851.26,41898.16,41704.30,41812.80,1399.71
2024-01-28T01:00:00Z,41821.36,41947.10,41701.58,41855.11,1004.03
2024-01-28T02:00:00Z,41869.55,41964.26,41810.02,41902.38,1450.29
2024-01-28T03:00:00Z,41907.45,41908.13,41836.82,41890.88,1131.62
2024-01-28T04:00:00Z,41865.98,41939.16,41820.65,41932.57,1379.20
2024-01-28T05:00:00Z,41912.07,41956.96,41768.89,41847.85,1090.59
2024-01-28T06:00:00Z,41846.25,41945.45,41747.54,41865.64,1219.71
2024-01-28T07:00:00Z,41861.66,41915.37,41805.77,41907.46,1415.95
2024-01-28T08:00:00Z,41901.99,41980.04,41729.40,41883.77,1389.99
2024-01-28T09:00:00Z,41865.83,41912.67,41786.73,41834.34,1409.63
2024-01-28T10:00:00Z,41834.79,41846.12,41735.47,41789.87,1108.19
2024-01-28T11:00:00Z,41775.39,41806.87,41717.14,41735.69,1161.48
2024-01-28T12:00:00Z,41709.90,41772.13,41538.58,41770.70,1154.63
2024-01-28T13:00:00Z,41744.10,41799.92,41702.65,41714.10,1223.69
2024-01-28T14:00:00Z,41693.19,41805.00,41683.87,41735.04,1020.00
2024-01-28T15:00:00Z,41734.27,41786.40,41636.59,41697.98,1351.63
2024-01-28T16:00:00Z,41691.73,41787.24,41552.27,41665.31,1445.90
2024-01-28T17:00:00Z,41661.56,41730.82,41493.63,41639.96,1426.95
2024-01-28T18:00:00Z,41627.29,41638.39,41588.68,41609.54,1200.78
2024-01-28T19:00:00Z,41611.25,41742.05,41505.42,41566.35,1360.49
2024-01-28T20:00:00Z,41545.67,41547.14,41488.24,41509.25,1388.47
2024-01-28T21:00:00Z,41487.73,41546.95,41400.75,41529.74,1253.82
2024-01-28T22:00:00Z,41505.23,41531.53,41465.02,41510.00,1315.25
2024-01-28T23:00:00Z,41509.92,41526.93,41492.89,41524.05,1224.91
2024-01-29T00:00:00Z,41505.61,41533.24,41372.80,41407.57,1449.55
2024-01-29T01:00:00Z,41395.22,41521.02,41334.36,41339.53,1329.22
2024-01-29T02:00:00Z,41338.77,41348.83,41293.53,41326.54,1055.46
2024-01-29T03:00:00Z,41302.59,41321.44,41179.87,41200.15,1083.80
2024-01-29T04:00:00Z,41174.30,41195.53,41044.89,41141.93,1290.24
2024-01-29T05:00:00Z,41131.36,41174.52,41043.53,41104.86,1260.33
2024-01-29T06:00:00Z,41089.34,41247.27,40972.10,41113.90,1331.13
2024-01-29T07:00:00Z,41116.20,41238.05,41115.78,41226.83,1314.22
2024-01-29T08:00:00Z,41199.78,41232.54,41091.10,41092.81,1426.38
2024-01-29T09:00:00Z,41075.56,41240.22,40898.55,41023.43,1476.92
2024-01-29T10:00:00Z,41040.88,41142.98,40882.29,41017.23,1242.25
2024-01-29T11:00:00Z,41007.69,41184.80,40844.98,41012.93,1011.01
2024-01-29T12:00:00Z,40998.95,40999.82,40996.98,40997.29,1294.12
2024-01-29T13:00:00Z,40998.16,41067.46,40980.03,40999.37,1333.05
2024-01-29T14:00:00Z,40980.43,41072.95,40947.37,41071.39,1095.33
2024-01-29T15:00:00Z,41044.67,41070.28,40981.26,41005.21,1019.85
2024-01-29T16:00:00Z,40982.03,41060.70,40961.28,41035.10,1150.03
2024-01-29T17:00:00Z,41029.94,41093.74,40915.42,40984.81,1288.85
2024-01-29T18:00:00Z,40992.79,41086.24,40964.09,40988.87,1302.11
2024-01-29T19:00:00Z,40988.33,41087.73,40885.65,40992.71,1145.12
2024-01-29T20:00:00Z,40980.97,41018.68,40961.33,40975.34,1137.59
2024-01-29T21:00:00Z,40977.51,41075.66,40910.24,41073.64,1480.92
2024-01-29T22:00:00Z,41074.68,41225.03,40918.97,40999.93,1456.78
2024-01-29T23:00:00Z,40997.99,41078.54,40961.59,41050.28,1103.92
2024-01-30T00:00:00Z,41034.43,41101.75,40945.23,40967.05,1216.90
2024-01-30T01:00:00Z,40961.83,40990.11,40897.31,40921.87,1352.40
2024-01-30T02:00:00Z,40898.04,40996.80,40780.75,40821.77,1428.52
2024-01-30T03:00:00Z,40804.98,40873.22,40801.22,40805.24,1467.85
2024-01-30T04:00:00Z,40792.40,40884.42,40651.97,40819.88,1204.75
2024-01-30T05:00:00Z,40817.24,40949.69,40725.83,40830.79,1158.92
2024-01-30T06:00:00Z,40806.64,40910.80,40747.98,40895.30,1457.24
2024-01-30T07:00:00Z,40879.84,40964.14,40836.00,40848.64,1225.74
2024-01-30T08:00:00Z,40844.54,40991.56,40771.97,40786.31,1388.27
2024-01-30T09:00:00Z,40778.05,40867.69,40670.59,40700.94,1358.82
2024-01-30T10:00:00Z,40701.88,40782.78,40641.45,40782.21,1037.02
2024-01-30T11:00:00Z,40768.48,40864.35,40608.61,40724.80,1370.47
2024-01-30T12:00:00Z,40713.54,40891.62,40575.01,40773.45,1075.22
2024-01-30T13:00:00Z,40746.17,40829.36,40705.34,40718.67,1328.67
2024-01-30T14:00:00Z,40728.22,40816.25,40684.94,40815.64,1429.50
2024-01-30T15:00:00Z,40813.26,40845.55,40807.43,40844.69,1290.31
2024-01-30T16:00:00Z,40828.48,40965.89,40797.75,40892.33,1380.07
2024-01-30T17:00:00Z,40897.65,40927.74,40864.42,40912.21,1404.11
2024-01-30T18:00:00Z,40912.23,41005.38,40909.63,40976.64,1421.15
2024-01-30T19:00:00Z,40978.80,40998.17,40884.28,40926.54,1273.90
2024-01-30T20:00:00Z,40930.19,40939.79,40910.84,40929.14,1074.48
2024-01-30T21:00:00Z,40910.27,40915.86,40786.04,40845.95,1478.91
2024-01-30T22:00:00Z,40845.37,40929.43,40735.25,40890.35,1307.28
2024-01-30T23:00:00Z,40900.50,40982.97,40895.13,40928.72,1029.28
2024-01-31T00:00:00Z,40938.32,41064.42,40749.92,41011.50,1201.94
2024-01-31T01:00:00Z,40988.79,41070.94,40966.33,40968.19,1152.06
2024-01-31T02:00:00Z,40961.34,41048.69,40864.92,40908.66,1138.83
2024-01-31T03:00:00Z,40884.82,40933.82,40883.97,40920.31,1117.11
2024-01-31T04:00:00Z,40891.17,40981.46,40882.34,40939.44,1263.42
2024-01-31T05:00:00Z,40932.59,41042.82,40912.07,40914.51,1391.28
2024-01-31T06:00:00Z,40922.54,40924.62,40843.26,40887.39,1477.10
2024-01-31T07:00:00Z,40900.55,40921.68,40795.72,40806.25,1324.42
2024-01-31T08:00:00Z,40787.32,40846.58,40782.04,40829.02,1464.42
2024-01-31T09:00:00Z,40831.96,40929.03,40815.35,40867.58,1075.47
2024-01-31T10:00:00Z,40844.49,40934.28,40717.61,40727.29,1220.04
2024-01-31T11:00:00Z,40742.08,40756.52,40673.25,40716.89,1093.05
2024-01-31T12:00:00Z,40719.27,40748.32,40634.02,40666.29,1353.58
2024-01-31T13:00:00Z,40672.79,40743.02,40647.18,40727.67,1406.79
2024-01-31T14:00:00Z,40739.61,40818.23,40664.69,40665.10,1108.75
2024-01-31T15:00:00Z,40675.36,40837.14,40600.23,40710.02,1135.20
2024-01-31T16:00:00Z,40727.64,40744.24,40612.41,40613.14,1332.82
2024-01-31T17:00:00Z,40606.66,40698.33,40588.72,40668.65,1095.78
2024-01-31T18:00:00Z,40656.97,40744.18,40485.83,40688.50,1012.34
2024-01-31T19:00:00Z,40662.07,40673.38,40589.95,40629.44,1476.48
2024-01-31T20:00:00Z,40605.79,40648.99,40603.44,40630.07,1340.42
2024-01-31T21:00:00Z,40606.24,40665.25,40491.94,40659.77,1382.46
2024-01-31T22:00:00Z,40673.85,40726.57,40658.45,40715.82,1361.77
2024-01-31T23:00:00Z,40715.15,40831.29,40601.12,40704.63,1020.12
2024-02-01T00:00:00Z,40698.32,40808.18,40601.31,40773.50,1263.99
2024-02-01T01:00:00Z,40775.13,40815.19,40664.43,40716.65,1319.10
2024-02-01T02:00:00Z,40695.23,40704.45,40669.22,40686.14,1351.68
2024-02-01T03:00:00Z,40689.00,40738.49,40599.02,40723.37,1017.70
2024-02-01T04:00:00Z,40718.75,40833.76,40640.72,40677.31,1354.00
2024-02-01T05:00:00Z,40650.94,40752.16,40538.59,40719.10,1298.06
2024-02-01T06:00:00Z,40705.29,40787.50,40570.82,40617.31,1067.21
2024-02-01T07:00:00Z,40612.69,40736.36,40532.74,40640.81,1178.39
2024-02-01T08:00:00Z,40614.47,40682.33,40593.90,40619.36,1080.53
2024-02-01T09:00:00Z,40598.27,40670.05,40485.07,40573.51,1058.74
2024-02-01T10:00:00Z,40562.16,40601.35,40499.85,40525.83,1345.73
2024-02-01T11:00:00Z,40536.92,40543.20,40342.94,40467.74,1334.94
2024-02-01T12:00:00Z,40443.99,40474.75,40420.09,40450.70,1140.88
2024-02-01T13:00:00Z,40443.43,40544.11,40365.37,40400.43,1449.71
2024-02-01T14:00:00Z,40415.05,40498.45,40224.78,40460.15,1214.62
2024-02-01T15:00:00Z,40451.79,40553.83,40295.57,40476.99,1275.77
2024-02-01T16:00:00Z,40478.50,40559.47,40383.17,40505.35,1199.57
2024-02-01T17:00:00Z,40511.08,40604.64,40381.68,40581.06,1399.60
2024-02-01T18:00:00Z,40554.71,40611.93,40482.31,40487.15,1027.51
2024-02-01T19:00:00Z,40498.76,40598.21,40478.73,40536.93,1413.29
2024-02-01T20:00:00Z,40507.46,40641.42,40502.43,40620.31,1254.08
2024-02-01T21:00:00Z,40635.07,40719.07,40476.30,40483.50,1280.17
2024-02-01T22:00:00Z,40460.69,40589.15,40329.65,40547.15,1038.30
2024-02-01T23:00:00Z,40517.67,40610.67,40485.60,40593.27,1050.31
2024-02-02T00:00:00Z,40565.25,40701.86,40520.64,40573.79,1445.64
2024-02-02T01:00:00Z,40580.78,40663.13,40566.31,40600.45,1246.56
2024-02-02T02:00:00Z,40586.23,40724.27,40572.91,40586.14,1016.32
2024-02-02T03:00:00Z,40571.30,40651.39,40471.64,40503.07,1415.96
2024-02-02T04:00:00Z,40486.15,40633.92,40467.08,40581.42,1070.82
2024-02-02T05:00:00Z,40579.81,40686.05,40480.70,40682.42,1385.46
2024-02-02T06:00:00Z,40699.56,40798.57,40587.99,40761.79,1199.25
2024-02-02T07:00:00Z,40767.17,40810.06,40611.29,40806.87,1475.02
2024-02-02T08:00:00Z,40783.47,40789.54,40657.34,40767.32,1439.91
2024-02-02T09:00:00Z,40765.91,40870.56,40620.21,40621.68,1175.81
2024-02-02T10:00:00Z,40593.60,40704.20,40566.12,40638.92,1138.98
2024-02-02T11:00:00Z,40653.83,40807.33,40553.54,40668.71,1071.34
2024-02-02T12:00:00Z,40671.79,40765.22,40636.52,40733.84,1366.28
2024-02-02T13:00:00Z,40704.54,40747.99,40575.66,40698.29,1392.26
2024-02-02T14:00:00Z,40710.27,40775.46,40645.78,40723.67,1499.52
2024-02-02T15:00:00Z,40732.76,40901.42,40561.81,40705.20,1390.89
2024-02-02T16:00:00Z,40723.72,40752.85,40576.85,40633.78,1258.33
2024-02-02T17:00:00Z,40646.89,40660.81,40605.65,40637.21,1310.59
2024-02-02T18:00:00Z,40640.69,40751.46,40606.75,40748.07,1089.81
2024-02-02T19:00:00Z,40733.71,40797.26,40616.75,40770.24,1284.62
2024-02-02T20:00:00Z,40764.79,40798.42,40695.08,40795.70,1391.43
2024-02-02T21:00:00Z,40767.87,40861.67,40680.22,40751.99,1154.99
2024-02-02T22:00:00Z,40757.76,40771.78,40627.47,40745.93,1219.38
2024-02-02T23:00:00Z,40742.10,40840.71,40622.59,40640.25,1131.89
2024-02-03T00:00:00Z,40657.09,40770.80,40542.98,40576.10,1035.47
2024-02-03T01:00:00Z,40591.99,40683.05,40543.77,40662.31,1305.88
2024-02-03T02:00:00Z,40675.45,40782.85,40540.93,40752.83,1114.28
2024-02-03T03:00:00Z,40737.56,40768.64,40711.80,40766.68,1419.06
2024-02-03T04:00:00Z,40775.22,40936.15,40686.28,40931.06,1135.24
2024-02-03T05:00:00Z,40924.10,41041.97,40885.28,41037.62,1036.19
2024-02-03T06:00:00Z,41039.99,41128.36,41021.07,41042.93,1373.31
2024-02-03T07:00:00Z,41054.47,41112.67,40960.52,41019.29,1181.14
2024-02-03T08:00:00Z,40995.37,41151.24,40875.72,41140.70,1301.78
2024-02-03T09:00:00Z,41126.42,41261.76,41050.23,41050.52,1075.07
2024-02-03T10:00:00Z,41036.88,41175.07,40996.44,41117.85,1329.82
2024-02-03T11:00:00Z,41124.77,41170.22,41078.37,41126.00,1080.64
2024-02-03T12:00:00Z,41109.68,41153.30,41038.53,41110.32,1028.25
2024-02-03T13:00:00Z,41105.18,41161.34,41025.87,41069.94,1419.52
2024-02-03T14:00:00Z,41040.60,41081.40,41027.00,41035.11,1152.82
2024-02-03T15:00:00Z,41013.50,41148.31,40943.03,41108.47,1470.25
2024-02-03T16:00:00Z,41086.47,41165.96,41068.43,41091.87,1258.59
2024-02-03T17:00:00Z,41108.72,41118.55,41049.30,41081.05,1045.37
2024-02-03T18:00:00Z,41051.66,41146.53,40990.05,41100.23,1084.40
2024-02-03T19:00:00Z,41085.93,41174.96,40997.83,41128.34,1492.66
2024-02-03T20:00:00Z,41140.16,41157.86,41026.14,41045.91,1436.54
2024-02-03T21:00:00Z,41034.18,41089.75,41023.21,41040.13,1228.42
2024-02-03T22:00:00Z,41046.10,41089.56,41007.50,41089.38,1064.43
2024-02-03T23:00:00Z,41080.31,41183.90,41011.41,41144.34,1438.89
2024-02-04T00:00:00Z,41142.90,41159.38,41036.15,41121.50,1149.05
2024-02-04T01:00:00Z,41109.37,41215.19,41032.44,41080.48,1497.75
2024-02-04T02:00:00Z,41051.34,41125.77,40915.80,41095.56,1056.67
2024-02-04T03:00:00Z,41096.08,41286.11,41089.33,41210.34,1450.66
2024-02-04T04:00:00Z,41222.50,41266.15,41172.65,41209.97,1013.96
2024-02-04T05:00:00Z,41218.85,41256.40,41176.08,41205.34,1247.55
2024-02-04T06:00:00Z,41218.43,41269.93,41100.74,41118.76,1170.90
2024-02-04T07:00:00Z,41090.43,41253.55,41088.01,41106.18,1016.90
2024-02-04T08:00:00Z,41091.66,41107.15,41002.18,41029.79,1304.49
2024-02-04T09:00:00Z,41042.78,41183.30,41032.76,41157.40,1398.42
2024-02-04T10:00:00Z,41165.54,41263.85,41066.38,41199.45,1346.94
2024-02-04T11:00:00Z,41199.47,41282.10,41149.77,41259.04,1042.11
2024-02-04T12:00:00Z,41273.28,41381.11,41189.04,41200.85,1418.65
2024-02-04T13:00:00Z,41204.23,41349.70,41061.33,41251.57,1144.08
2024-02-04T14:00:00Z,41257.11,41268.06,41187.02,41218.60,1160.07
2024-02-04T15:00:00Z,41195.18,41244.29,41125.30,41201.76,1309.28
2024-02-04T16:00:00Z,41205.95,41235.42,41187.53,41216.96,1046.74
2024-02-04T17:00:00Z,41194.25,41313.30,41085.89,41309.05,1208.87
2024-02-04T18:00:00Z,41280.64,41477.18,41253.96,41457.24,1378.67
2024-02-04T19:00:00Z,41477.17,41568.01,41428.47,41517.29,1039.58
2024-02-04T20:00:00Z,41512.65,41551.25,41486.66,41531.26,1297.41
2024-02-04T21:00:00Z,41501.49,41643.30,41498.28,41588.13,1073.05
2024-02-04T22:00:00Z,41597.31,41612.26,41528.86,41560.52,1412.59
2024-02-04T23:00:00Z,41568.95,41674.55,41457.37,41508.42,1420.58
2024-02-05T00:00:00Z,41490.62,41527.12,41445.83,41477.89,1459.55
2024-02-05T01:00:00Z,41482.74,41602.18,41336.73,41371.45,1221.91
2024-02-05T02:00:00Z,41381.99,41511.27,41309.34,41503.39,1320.77
2024-02-05T03:00:00Z,41516.13,41542.83,41422.44,41530.57,1082.53
2024-02-05T04:00:00Z,41528.08,41599.87,41489.23,41559.57,1498.95
2024-02-05T05:00:00Z,41574.68,41704.10,41388.91,41535.97,1436.01
2024-02-05T06:00:00Z,41551.26,41604.49,41475.60,41559.81,1340.74
2024-02-05T07:00:00Z,41546.30,41567.73,41441.03,41517.50,1036.96
2024-02-05T08:00:00Z,41494.89,41532.17,41421.92,41438.70,1496.61
2024-02-05T09:00:00Z,41439.16,41481.46,41404.86,41476.82,1189.85
2024-02-05T10:00:00Z,41470.11,41509.42,41374.60,41508.16,1439.13
2024-02-05T11:00:00Z,41494.21,41606.98,41439.92,41503.67,1054.17
2024-02-05T12:00:00Z,41507.54,41642.54,41428.03,41449.15,1022.18
2024-02-05T13:00:00Z,41455.10,41536.39,41365.64,41408.80,1497.26
2024-02-05T14:00:00Z,41418.47,41584.73,41351.22,41462.25,1301.54
2024-02-05T15:00:00Z,41472.49,41624.86,41302.45,41428.58,1019.91
2024-02-05T16:00:00Z,41417.35,41558.23,41257.12,41298.75,1126.17
2024-02-05T17:00:00Z,41282.42,41285.97,41225.66,41227.75,1129.75
2024-02-05T18:00:00Z,41204.64,41224.37,41195.42,41221.34,1130.73
2024-02-05T19:00:00Z,41212.38,41218.76,41146.85,41207.62,1424.10
2024-02-05T20:00:00Z,41189.55,41321.01,41083.22,41159.26,1316.83
2024-02-05T21:00:00Z,41177.11,41310.38,41022.87,41151.19,1437.70
2024-02-05T22:00:00Z,41133.62,41165.33,41016.68,41065.44,1118.36
2024-02-05T23:00:00Z,41081.34,41177.88,40999.79,41019.97,1130.10
2024-02-06T00:00:00Z,41001.57,41071.45,40875.44,40965.91,1450.32
2024-02-06T01:00:00Z,40952.06,41022.62,40794.35,40959.21,1498.24
2024-02-06T02:00:00Z,40960.42,41060.65,40799.96,40989.43,1438.08
2024-02-06T03:00:00Z,40965.06,40981.93,40823.11,40890.55,1052.82
2024-02-06T04:00:00Z,40879.65,40901.56,40788.60,40820.36,1277.09
2024-02-06T05:00:00Z,40804.37,40837.96,40692.39,40743.12,1081.90
2024-02-06T06:00:00Z,40753.54,40888.87,40652.05,40763.62,1379.70
2024-02-06T07:00:00Z,40745.91,40772.16,40656.82,40768.28,1489.89
2024-02-06T08:00:00Z,40777.14,40859.97,40725.90,40797.01,1075.67
2024-02-06T09:00:00Z,40792.35,40949.25,40653.54,40812.60,1077.71
2024-02-06T10:00:00Z,40790.09,40879.03,40730.89,40805.25,1358.49
2024-02-06T11:00:00Z,40805.89,40934.90,40697.13,40700.67,1062.50
2024-02-06T12:00:00Z,40698.07,40727.97,40671.35,40721.03,1350.21
2024-02-06T13:00:00Z,40697.27,40809.43,40506.42,40723.26,1302.10
2024-02-06T14:00:00Z,40714.41,40820.51,40690.09,40727.23,1290.11
2024-02-06T15:00:00Z,40745.82,40774.00,40562.24,40592.84,1110.82
2024-02-06T16:00:00Z,40607.15,40612.25,40488.46,40517.26,1244.01
2024-02-06T17:00:00Z,40499.12,40593.89,40482.58,40579.76,1030.99
2024-02-06T18:00:00Z,40593.99,40654.13,40473.14,40620.74,1204.58
2024-02-06T19:00:00Z,40612.72,40737.87,40548.85,40577.38,1487.45
2024-02-06T20:00:00Z,40552.07,40674.27,40535.69,40628.89,1476.21
2024-02-06T21:00:00Z,40621.84,40716.83,40484.64,40703.73,1239.50
2024-02-06T22:00:00Z,40685.60,40826.10,40569.51,40796.34,1133.86
2024-02-06T23:00:00Z,40787.94,40898.51,40674.21,40776.05,1462.99
2024-02-07T00:00:00Z,40784.10,40837.48,40686.08,40787.34,1364.17
2024-02-07T01:00:00Z,40768.00,40803.25,40692.25,40772.12,1019.51
2024-02-07T02:00:00Z,40768.34,40780.18,40660.50,40749.68,1193.60
2024-02-07T03:00:00Z,40737.51,40871.62,40634.88,40775.36,1039.52
2024-02-07T04:00:00Z,40766.70,40784.71,40619.55,40719.21,1024.30
2024-02-07T05:00:00Z,40734.69,40779.02,40631.72,40700.82,1312.86
2024-02-07T06:00:00Z,40720.57,40776.89,40669.04,40713.31,1360.13
2024-02-07T07:00:00Z,40713.12,40732.33,40701.86,40711.84,1187.74
2024-02-07T08:00:00Z,40708.61,40803.53,40594.46,40770.87,1427.89
2024-02-07T09:00:00Z,40783.81,40812.05,40758.76,40800.12,1244.84
2024-02-07T10:00:00Z,40777.33,40778.98,40631.49,40732.03,1172.30
2024-02-07T11:00:00Z,40707.62,40741.23,40588.78,40636.19,1381.74
2024-02-07T12:00:00Z,40616.24,40621.09,40521.31,40544.01,1472.51
2024-02-07T13:00:00Z,40526.19,40680.82,40513.01,40533.68,1034.37
2024-02-07T14:00:00Z,40549.77,40684.24,40460.69,40629.81,1288.51
2024-02-07T15:00:00Z,40602.68,40687.68,40545.39,40645.31,1316.36
2024-02-07T16:00:00Z,40627.78,40732.09,40583.72,40719.89,1009.60
2024-02-07T17:00:00Z,40733.15,40804.94,40682.66,40770.41,1227.89
2024-02-07T18:00:00Z,40756.79,40833.20,40720.85,40768.74,1231.83
2024-02-07T19:00:00Z,40767.62,40832.57,40724.54,40743.66,1158.75
2024-02-07T20:00:00Z,40750.72,40752.91,40648.15,40721.33,1287.28
2024-02-07T21:00:00Z,40715.73,40766.75,40706.34,40729.27,1454.42
2024-02-07T22:00:00Z,40704.77,40790.82,40637.59,40713.41,1426.89
2024-02-07T23:00:00Z,40712.65,40758.79,40588.94,40695.63,1354.97
2024-02-08T00:00:00Z,40682.88,40806.67,40510.79,40649.56,1378.46
2024-02-08T01:00:00Z,40664.64,40774.07,40628.40,40689.24,1270.79
2024-02-08T02:00:00Z,40668.67,40814.12,40495.10,40689.03,1336.76
2024-02-08T03:00:00Z,40671.14,40693.30,40612.68,40654.41,1499.46
2024-02-08T04:00:00Z,40627.38,40702.11,40504.55,40620.43,1448.22
2024-02-08T05:00:00Z,40620.53,40669.64,40504.36,40667.91,1013.88
2024-02-08T06:00:00Z,40672.70,40810.47,40590.30,40713.47,1346.74
2024-02-08T07:00:00Z,40703.19,40724.82,40603.17,40681.77,1025.09
2024-02-08T08:00:00Z,40666.76,40684.19,40557.34,40679.64,1499.57
2024-02-08T09:00:00Z,40664.09,40689.43,40606.59,40686.35,1412.41
2024-02-08T10:00:00Z,40674.16,40699.34,40547.16,40607.09,1441.66
2024-02-08T11:00:00Z,40605.61,40721.28,40562.56,40657.50,1266.65
2024-02-08T12:00:00Z,40677.48,40678.12,40593.00,40599.65,1337.32
2024-02-08T13:00:00Z,40588.57,40644.10,40519.84,40581.46,1159.66
2024-02-08T14:00:00Z,40571.89,40590.19,40412.59,40587.31,1442.16
2024-02-08T15:00:00Z,40594.69,40661.26,40453.06,40512.73,1075.33
2024-02-08T16:00:00Z,40486.44,40493.02,40453.21,40477.58,1332.31
2024-02-08T17:00:00Z,40450.98,40601.03,40352.11,40532.62,1071.16
2024-02-08T18:00:00Z,40552.15,40586.95,40540.59,40548.66,1037.35
2024-02-08T19:00:00Z,40558.76,40657.42,40430.99,40549.87,1137.52
2024-02-08T20:00:00Z,40543.33,40614.61,40501.81,40527.56,1339.21
2024-02-08T21:00:00Z,40510.95,40570.41,40475.57,40537.47,1178.67
2024-02-08T22:00:00Z,40536.74,40644.79,40525.56,40541.84,1304.21
2024-02-08T23:00:00Z,40515.25,40519.49,40497.08,40513.32,1398.69
2024-02-09T00:00:00Z,40522.96,40549.18,40340.03,40446.13,1007.25
2024-02-09T01:00:00Z,40425.78,40432.85,40315.99,40427.22,1320.13
2024-02-09T02:00:00Z,40426.38,40456.53,40308.72,40354.25,1291.28
2024-02-09T03:00:00Z,40342.92,40447.44,40198.57,40216.50,1471.50
2024-02-09T04:00:00Z,40189.63,40213.44,40183.33,40184.47,1082.00
2024-02-09T05:00:00Z,40163.73,40320.57,40103.90,40207.96,1446.26
2024-02-09T06:00:00Z,40191.19,40206.91,39996.58,40066.38,1446.18
2024-02-09T07:00:00Z,40065.12,40065.44,39965.09,40015.19,1181.15
2024-02-09T08:00:00Z,40012.19,40146.16,39997.33,40057.64,1337.48
2024-02-09T09:00:00Z,40038.30,40116.29,40035.61,40077.99,1383.45
2024-02-09T10:00:00Z,40060.87,40168.86,39939.43,40129.96,1247.66
2024-02-09T11:00:00Z,40121.48,40290.54,40097.10,40149.90,1178.88
2024-02-09T12:00:00Z,40141.55,40188.79,40099.91,40121.53,1348.78
2024-02-09T13:00:00Z,40120.17,40214.58,40040.10,40199.50,1454.33
2024-02-09T14:00:00Z,40197.20,40351.90,40020.35,40302.89,1117.34
2024-02-09T15:00:00Z,40300.34,40351.52,40165.58,40253.89,1341.16
2024-02-09T16:00:00Z,40239.41,40372.95,40150.08,40300.29,1039.13
2024-02-09T17:00:00Z,40272.05,40310.51,40214.50,40276.61,1272.13
2024-02-09T18:00:00Z,40281.46,40435.43,40163.47,40203.02,1114.94
2024-02-09T19:00:00Z,40208.91,40276.96,40151.54,40214.11,1193.93
2024-02-09T20:00:00Z,40194.67,40335.31,40090.59,40208.47,1390.89
2024-02-09T21:00:00Z,40192.74,40303.95,40095.37,40210.41,1043.99
2024-02-09T22:00:00Z,40206.29,40308.52,40101.25,40306.49,1000.36
2024-02-09T23:00:00Z,40278.79,40350.88,40219.93,40341.73,1260.13
2024-02-10T00:00:00Z,40316.90,40317.58,40222.05,40258.39,1198.08
2024-02-10T01:00:00Z,40251.49,40313.50,40233.07,40236.84,1450.06
2024-02-10T02:00:00Z,40252.20,40352.69,40081.21,40227.05,1159.21
2024-02-10T03:00:00Z,40211.72,40327.55,40171.32,40323.65,1147.13
2024-02-10T04:00:00Z,40315.25,40422.58,40218.42,40268.25,1082.87
2024-02-10T05:00:00Z,40284.11,40285.54,40193.39,40274.69,1430.07
2024-02-10T06:00:00Z,40281.80,40422.96,40270.08,40398.07,1156.43
2024-02-10T07:00:00Z,40388.16,40397.20,40283.34,40339.00,1412.41
2024-02-10T08:00:00Z,40309.48,40337.51,40167.54,40168.34,1414.33
2024-02-10T09:00:00Z,40165.21,40196.34,40105.19,40192.18,1354.48
2024-02-10T10:00:00Z,40195.29,40198.11,40100.86,40140.76,1155.06
2024-02-10T11:00:00Z,40119.92,40191.14,40116.71,40150.41,1007.49
2024-02-10T12:00:00Z,40164.18,40290.90,40161.76,40221.09,1259.17
2024-02-10T13:00:00Z,40236.83,40247.11,40236.20,40238.22,1032.67
2024-02-10T14:00:00Z,40247.98,40336.83,40233.01,40318.46,1437.52
2024-02-10T15:00:00Z,40310.39,40372.44,40212.29,40278.58,1037.26
2024-02-10T16:00:00Z,40294.90,40302.08,40278.52,40290.88,1141.94
2024-02-10T17:00:00Z,40285.92,40319.64,40147.14,40254.46,1210.79
2024-02-10T18:00:00Z,40231.96,40330.75,40206.27,40225.16,1249.08
2024-02-10T19:00:00Z,40239.89,40397.07,40136.09,40247.69,1061.27
2024-02-10T20:00:00Z,40240.59,40271.21,40135.22,40201.19,1402.48
2024-02-10T21:00:00Z,40178.12,40237.09,40081.92,40108.11,1357.43
2024-02-10T22:00:00Z,40078.76,40150.70,40070.26,40123.51,1256.83
2024-02-10T23:00:00Z,40142.55,40213.41,40055.31,40110.75,1183.54
2024-02-11T00:00:00Z,40122.14,40181.61,39986.40,40022.59,1226.61
2024-02-11T01:00:00Z,40032.41,40097.25,40003.17,40054.30,1156.77
2024-02-11T02:00:00Z,40054.56,40087.87,40006.95,40084.65,1137.93
2024-02-11T03:00:00Z,40073.55,40209.91,40051.53,40134.58,1110.04
2024-02-11T04:00:00Z,40124.88,40198.86,40000.29,40055.70,1291.09
2024-02-11T05:00:00Z,40054.61,40155.90,39947.00,40144.22,1313.94
2024-02-11T06:00:00Z,40150.02,40264.11,40107.22,40168.11,1423.06
2024-02-11T07:00:00Z,40163.83,40202.63,40104.37,40182.21,1370.09
2024-02-11T08:00:00Z,40156.51,40187.46,40086.09,40164.57,1045.26
2024-02-11T09:00:00Z,40178.95,40294.55,40168.99,40171.92,1142.77
2024-02-11T10:00:00Z,40189.10,40267.58,40084.39,40221.25,1017.16
2024-02-11T11:00:00Z,40206.98,40327.23,40136.92,40149.02,1333.58
2024-02-11T12:00:00Z,40160.83,40175.74,40060.60,40092.64,1490.59
2024-02-11T13:00:00Z,40107.83,40152.52,40083.84,40138.43,1407.24
2024-02-11T14:00:00Z,40129.60,40143.96,40096.72,40134.41,1343.77
2024-02-11T15:00:00Z,40146.47,40231.18,40128.94,40172.99,1330.54
2024-02-11T16:00:00Z,40188.40,40195.04,40091.41,40093.16,1258.81
2024-02-11T17:00:00Z,40101.71,40284.42,39999.11,40044.72,1384.66
2024-02-11T18:00:00Z,40027.20,40050.07,40002.02,40002.12,1364.73
2024-02-11T19:00:00Z,40018.77,40162.08,39921.67,40111.67,1304.37
2024-02-11T20:00:00Z,40119.24,40123.00,40109.82,40116.87,1302.97
2024-02-11T21:00:00Z,40125.79,40203.85,40013.75,40041.05,1020.72
2024-02-11T22:00:00Z,40049.01,40234.39,39923.91,40088.09,1384.24
2024-02-11T23:00:00Z,40091.57,40109.00,39997.02,40077.64,1205.91
2024-02-12T00:00:00Z,40064.96,40237.89,39976.28,40037.81,1141.21
2024-02-12T01:00:00Z,40025.02,40101.08,40004.38,40094.10,1240.53
2024-02-12T02:00:00Z,40091.83,40203.13,40069.35,40146.59,1100.80
2024-02-12T03:00:00Z,40144.16,40281.49,40110.45,40178.98,1076.73
2024-02-12T04:00:00Z,40158.06,40225.76,40145.54,40163.98,1423.82
2024-02-12T05:00:00Z,40180.03,40269.99,40129.86,40144.58,1173.29
2024-02-12T06:00:00Z,40133.61,40207.10,40051.58,40189.89,1341.60
2024-02-12T07:00:00Z,40185.67,40310.38,40056.56,40260.02,1217.34
2024-02-12T08:00:00Z,40263.86,40404.49,40155.38,40297.38,1181.77
2024-02-12T09:00:00Z,40310.39,40443.11,40204.74,40232.03,1041.43
2024-02-12T10:00:00Z,40202.87,40342.91,40148.76,40323.14,1496.29
2024-02-12T11:00:00Z,40318.62,40328.25,40246.04,40310.45,1344.74
2024-02-12T12:00:00Z,40308.39,40353.74,40276.76,40315.03,1030.66
2024-02-12T13:00:00Z,40323.77,40420.75,40234.15,40341.35,1108.37
2024-02-12T14:00:00Z,40330.46,40366.23,40221.15,40288.67,1499.78
2024-02-12T15:00:00Z,40289.16,40439.47,40195.68,40339.09,1451.91
2024-02-12T16:00:00Z,40351.45,40483.61,40318.94,40321.96,1255.67
2024-02-12T17:00:00Z,40316.29,40379.26,40235.02,40238.37,1440.10
2024-02-12T18:00:00Z,40213.46,40243.15,40187.18,40218.66,1183.00
2024-02-12T19:00:00Z,40189.32,40289.36,40084.29,40169.53,1306.61
2024-02-12T20:00:00Z,40156.37,40247.26,40132.68,40184.87,1230.55
2024-02-12T21:00:00Z,40180.72,40198.37,40157.57,40189.05,1489.70
2024-02-12T22:00:00Z,40194.29,40221.06,40147.59,40176.85,1140.56
2024-02-12T23:00:00Z,40189.22,40207.78,40140.30,40205.77,1275.45
2024-02-13T00:00:00Z,40184.35,40265.82,40128.86,40215.06,1104.47
2024-02-13T01:00:00Z,40206.51,40325.51,40177.28,40190.64,1074.74
2024-02-13T02:00:00Z,40178.08,40283.01,40107.67,40278.74,1026.34
2024-02-13T03:00:00Z,40250.49,40291.03,40194.85,40265.53,1151.74
2024-02-13T04:00:00Z,40237.76,40248.08,40170.93,40227.17,1141.47
2024-02-13T05:00:00Z,40224.76,40353.66,40209.50,40307.44,1048.82
2024-02-13T06:00:00Z,40292.69,40343.63,40175.97,40324.17,1367.47
2024-02-13T07:00:00Z,40327.63,40447.23,40183.36,40327.78,1300.62
2024-02-13T08:00:00Z,40316.62,40494.46,40164.62,40169.12,1334.60
2024-02-13T09:00:00Z,40147.69,40233.78,40037.89,40125.54,1373.79
2024-02-13T10:00:00Z,40126.08,40237.98,40116.03,40229.25,1383.64
2024-02-13T11:00:00Z,40223.87,40279.37,40155.29,40166.89,1248.11
2024-02-13T12:00:00Z,40182.59,40235.55,40144.55,40227.55,1243.27
2024-02-13T13:00:00Z,40244.86,40300.63,40168.57,40247.56,1315.96
2024-02-13T14:00:00Z,40243.35,40280.25,40099.48,40143.75,1179.93
2024-02-13T15:00:00Z,40161.99,40270.77,40146.31,40266.88,1141.88
2024-02-13T16:00:00Z,40244.70,40344.45,40213.99,40216.00,1088.12
2024-02-13T17:00:00Z,40224.01,40353.85,40175.84,40182.02,1159.31
2024-02-13T18:00:00Z,40161.14,40288.25,40141.39,40175.42,1247.85
2024-02-13T19:00:00Z,40189.63,40207.43,40049.40,40062.17,1200.60
2024-02-13T20:00:00Z,40060.88,40167.46,40033.22,40049.13,1284.51
2024-02-13T21:00:00Z,40051.89,40139.13,39973.62,40075.89,1181.17
2024-02-13T22:00:00Z,40047.15,40069.47,39974.90,40054.54,1025.98
2024-02-13T23:00:00Z,40028.05,40173.23,39852.59,39981.00,1271.21
2024-02-14T00:00:00Z,39967.31,39976.87,39850.92,39968.00,1217.47
2024-02-14T01:00:00Z,39948.16,40036.03,39831.74,40017.46,1066.06
2024-02-14T02:00:00Z,39996.82,40001.42,39882.77,39914.29,1046.71
2024-02-14T03:00:00Z,39905.31,40031.47,39876.75,39968.99,1293.93
2024-02-14T04:00:00Z,39956.16,40022.10,39822.99,39976.31,1093.10
2024-02-14T05:00:00Z,39992.29,40062.74,39992.17,40042.95,1273.43
2024-02-14T06:00:00Z,40039.50,40078.98,39926.57,40028.53,1052.53
2024-02-14T07:00:00Z,40018.21,40022.71,39859.34,39955.81,1335.25
2024-02-14T08:00:00Z,39943.64,39948.57,39893.41,39935.95,1070.71
2024-02-14T09:00:00Z,39955.00,39966.91,39905.66,39966.75,1362.29
2024-02-14T10:00:00Z,39964.10,40089.27,39852.09,39998.74,1168.12
2024-02-14T11:00:00Z,40012.12,40099.93,40005.90,40030.52,1369.32
2024-02-14T12:00:00Z,40024.35,40079.53,39915.68,40026.41,1436.81
2024-02-14T13:00:00Z,40013.07,40032.59,39910.35,40027.30,1444.64
2024-02-14T14:00:00Z,39998.07,40174.24,39880.02,39965.20,1340.39
2024-02-14T15:00:00Z,39972.05,40099.98,39911.62,39998.62,1007.17
2024-02-14T16:00:00Z,40011.81,40028.97,39948.80,40009.95,1235.37
2024-02-14T17:00:00Z,39986.42,40088.30,39827.84,39924.72,1014.07
2024-02-14T18:00:00Z,39910.11,39961.75,39827.44,39877.99,1012.11
2024-02-14T19:00:00Z,39884.79,39945.29,39878.40,39937.49,1079.30
2024-02-14T20:00:00Z,39937.73,39942.83,39913.62,39929.14,1172.56
2024-02-14T21:00:00Z,39925.23,39931.61,39835.06,39893.10,1180.03
2024-02-14T22:00:00Z,39877.40,39929.80,39723.21,39850.32,1209.68
2024-02-14T23:00:00Z,39838.73,39838.92,39826.55,39829.89,1265.55
2024-02-15T00:00:00Z,39816.17,39825.05,39807.82,39812.96,1477.64
2024-02-15T01:00:00Z,39793.77,39925.16,39691.88,39884.18,1170.11
2024-02-15T02:00:00Z,39876.87,40018.55,39806.78,39945.21,1261.56
2024-02-15T03:00:00Z,39954.65,40110.78,39832.94,39858.90,1310.11
2024-02-15T04:00:00Z,39829.53,39989.76,39690.11,39961.95,1052.80
2024-02-15T05:00:00Z,39950.76,39977.28,39805.81,39870.61,1250.77
2024-02-15T06:00:00Z,39844.83,39900.16,39727.33,39858.89,1217.29
2024-02-15T07:00:00Z,39841.07,39939.51,39803.06,39819.65,1482.82
2024-02-15T08:00:00Z,39790.91,39915.35,39670.38,39700.04,1279.54
2024-02-15T09:00:00Z,39707.43,39751.38,39685.41,39730.41,1142.15
2024-02-15T10:00:00Z,39742.89,39861.67,39619.14,39753.83,1400.44
2024-02-15T11:00:00Z,39761.09,39807.56,39656.84,39801.71,1260.19
2024-02-15T12:00:00Z,39791.98,39826.19,39665.48,39802.00,1348.77
2024-02-15T13:00:00Z,39792.39,39852.81,39698.63,39818.09,1436.66
2024-02-15T14:00:00Z,39829.82,39891.34,39811.57,39822.64,1396.37
2024-02-15T15:00:00Z,39833.14,39874.07,39779.89,39861.76,1485.65
2024-02-15T16:00:00Z,39832.13,39833.90,39793.23,39832.82,1151.11
2024-02-15T17:00:00Z,39814.38,39995.21,39678.74,39775.84,1424.59
2024-02-15T18:00:00Z,39771.64,39825.18,39747.79,39809.51,1347.42
2024-02-15T19:00:00Z,39811.16,39835.16,39720.17,39731.75,1369.58
2024-02-15T20:00:00Z,39742.19,39776.66,39650.07,39775.59,1033.35
2024-02-15T21:00:00Z,39772.75,39860.88,39614.19,39772.46,1118.00
2024-02-15T22:00:00Z,39754.23,39832.98,39614.97,39711.27,1032.53
2024-02-15T23:00:00Z,39708.18,39794.47,39548.78,39663.45,1092.97
2024-02-16T00:00:00Z,39666.33,39668.45,39553.68,39616.84,1095.88
2024-02-16T01:00:00Z,39609.85,39695.87,39597.23,39601.55,1319.70
2024-02-16T02:00:00Z,39579.01,39713.38,39445.63,39642.98,1421.08
2024-02-16T03:00:00Z,39627.97,39628.72,39514.99,39584.86,1103.10
2024-02-16T04:00:00Z,39588.21,39664.46,39517.31,39521.14,1407.05
2024-02-16T05:00:00Z,39517.20,39595.02,39494.78,39566.20,1475.01
2024-02-16T06:00:00Z,39548.89,39619.40,39489.53,39559.98,1382.05
2024-02-16T07:00:00Z,39577.59,39596.63,39498.03,39523.83,1243.62
2024-02-16T08:00:00Z,39534.32,39662.05,39447.51,39574.49,1192.75
2024-02-16T09:00:00Z,39546.07,39574.90,39421.67,39545.09,1383.90
2024-02-16T10:00:00Z,39553.80,39664.68,39522.58,39616.20,1257.34
2024-02-16T11:00:00Z,39597.64,39692.40,39466.06,39492.10,1052.27
2024-02-16T12:00:00Z,39469.94,39562.57,39432.55,39524.16,1285.61
2024-02-16T13:00:00Z,39497.57,39590.31,39366.32,39510.43,1321.38
2024-02-16T14:00:00Z,39521.46,39534.90,39511.27,39516.09,1434.18
2024-02-16T15:00:00Z,39525.45,39582.71,39418.94,39425.80,1257.55
2024-02-16T16:00:00Z,39438.03,39550.47,39343.54,39491.09,1315.29
2024-02-16T17:00:00Z,39487.96,39562.64,39335.74,39338.62,1129.59
2024-02-16T18:00:00Z,39358.60,39440.30,39326.62,39401.92,1102.97
2024-02-16T19:00:00Z,39372.05,39490.95,39329.84,39377.67,1370.91
2024-02-16T20:00:00Z,39381.87,39564.82,39342.29,39385.66,1151.69
2024-02-16T21:00:00Z,39380.44,39390.24,39258.62,39307.76,1317.62
2024-02-16T22:00:00Z,39287.61,39391.03,39263.01,39389.80,1293.88
2024-02-16T23:00:00Z,39381.89,39382.10,39256.38,39357.78,1175.84
2024-02-17T00:00:00Z,39373.67,39462.13,39367.35,39378.00,1131.33
2024-02-17T01:00:00Z,39348.54,39381.22,39248.27,39356.22,1336.75
2024-02-17T02:00:00Z,39374.76,39467.29,39323.71,39412.74,1357.96
2024-02-17T03:00:00Z,39393.11,39484.27,39236.57,39259.33,1430.10
2024-02-17T04:00:00Z,39232.50,39240.66,39205.04,39228.71,1072.25
2024-02-17T05:00:00Z,39202.81,39322.13,39191.56,39295.06,1000.81
2024-02-17T06:00:00Z,39276.44,39387.73,39275.62,39307.51,1443.10
2024-02-17T07:00:00Z,39325.10,39501.39,39321.27,39464.69,1007.84
2024-02-17T08:00:00Z,39440.92,39500.26,39431.89,39437.29,1356.73
2024-02-17T09:00:00Z,39430.12,39470.05,39337.05,39357.11,1422.33
2024-02-17T10:00:00Z,39349.93,39404.95,39242.54,39311.51,1188.49
2024-02-17T11:00:00Z,39287.01,39387.80,39172.35,39246.65,1140.25
2024-02-17T12:00:00Z,39226.51,39270.31,39056.64,39189.84,1020.01
2024-02-17T13:00:00Z,39168.99,39192.14,39123.24,39185.62,1463.70
2024-02-17T14:00:00Z,39187.43,39191.79,39125.02,39179.66,1144.88
2024-02-17T15:00:00Z,39186.84,39223.79,39136.11,39203.25,1159.49
2024-02-17T16:00:00Z,39189.26,39234.89,39137.67,39162.34,1318.56
2024-02-17T17:00:00Z,39175.79,39302.66,39096.34,39113.25,1238.78
2024-02-17T18:00:00Z,39118.24,39158.71,39063.95,39099.04,1206.78
2024-02-17T19:00:00Z,39085.83,39120.08,39065.83,39074.75,1402.69
2024-02-17T20:00:00Z,39084.24,39143.60,39000.34,39119.98,1331.07
2024-02-17T21:00:00Z,39091.69,39105.75,39050.32,39088.72,1398.25
2024-02-17T22:00:00Z,39097.45,39125.99,39007.36,39043.26,1499.07
2024-02-17T23:00:00Z,39030.17,39036.63,38950.36,38957.06,1472.68
2024-02-18T00:00:00Z,38964.86,38974.04,38863.03,38881.23,1075.24
2024-02-18T01:00:00Z,38877.87,38948.57,38811.75,38834.04,1404.81
2024-02-18T02:00:00Z,38852.12,38910.33,38721.44,38885.23,1140.22
2024-02-18T03:00:00Z,38870.42,38943.43,38731.13,38768.40,1412.78
2024-02-18T04:00:00Z,38751.08,38757.21,38656.68,38751.26,1035.61
2024-02-18T05:00:00Z,38754.90,38760.23,38717.35,38738.65,1335.98
2024-02-18T06:00:00Z,38734.86,38782.73,38606.10,38748.13,1469.72
2024-02-18T07:00:00Z,38718.79,38723.25,38641.78,38679.69,1062.71
2024-02-18T08:00:00Z,38664.31,38732.48,38548.46,38602.07,1180.48
2024-02-18T09:00:00Z,38584.00,38686.69,38483.07,38608.82,1255.71
2024-02-18T10:00:00Z,38597.58,38682.91,38503.25,38585.18,1014.51
2024-02-18T11:00:00Z,38578.12,38694.30,38497.07,38561.10,1368.31
2024-02-18T12:00:00Z,38543.11,38706.66,38494.72,38650.22,1420.56
2024-02-18T13:00:00Z,38661.59,38727.55,38615.12,38684.40,1479.82
2024-02-18T14:00:00Z,38694.61,38715.99,38632.76,38683.71,1045.09
2024-02-18T15:00:00Z,38665.09,38756.48,38620.43,38694.00,1089.07
2024-02-18T16:00:00Z,38691.63,38822.65,38603.48,38685.54,1068.93
2024-02-18T17:00:00Z,38700.03,38826.71,38616.79,38815.21,1012.33
2024-02-18T18:00:00Z,38787.43,38930.33,38639.87,38799.70,1455.49
2024-02-18T19:00:00Z,38788.94,38802.53,38699.07,38750.31,1087.92
2024-02-18T20:00:00Z,38742.29,38811.80,38604.17,38651.52,1180.37
2024-02-18T21:00:00Z,38629.18,38751.65,38583.14,38592.72,1309.45
2024-02-18T22:00:00Z,38610.37,38711.76,38533.92,38594.95,1437.32
2024-02-18T23:00:00Z,38594.78,38627.15,38505.55,38527.39,1154.87
2024-02-19T00:00:00Z,38508.13,38634.32,38425.30,38626.84,1087.13
2024-02-19T01:00:00Z,38643.07,38743.84,38563.64,38628.12,1004.30
2024-02-19T02:00:00Z,38606.82,38647.02,38518.46,38622.89,1270.15
2024-02-19T03:00:00Z,38610.42,38638.44,38489.93,38543.40,1138.84
2024-02-19T04:00:00Z,38543.17,38546.36,38421.49,38449.64,1324.24
2024-02-19T05:00:00Z,38430.83,38498.94,38307.51,38370.11,1343.79
2024-02-19T06:00:00Z,38365.54,38391.84,38291.77,38295.07,1213.28
2024-02-19T07:00:00Z,38299.71,38366.42,38220.17,38349.27,1309.90
2024-02-19T08:00:00Z,38337.59,38386.01,38321.72,38324.58,1332.91
2024-02-19T09:00:00Z,38310.23,38341.04,38271.91,38316.72,1404.38
2024-02-19T10:00:00Z,38289.16,38290.39,38283.55,38289.12,1222.31
2024-02-19T11:00:00Z,38269.87,38287.56,38149.76,38207.57,1217.01
2024-02-19T12:00:00Z,38210.80,38270.60,38158.62,38265.06,1096.24
2024-02-19T13:00:00Z,38266.91,38303.78,38233.74,38292.18,1143.83
2024-02-19T14:00:00Z,38309.50,38370.54,38234.72,38243.08,1361.94
2024-02-19T15:00:00Z,38243.86,38252.69,38167.52,38251.61,1266.91
2024-02-19T16:00:00Z,38224.28,38224.68,38076.01,38086.39,1280.57
2024-02-19T17:00:00Z,38101.18,38210.24,38054.09,38155.95,1029.26
2024-02-19T18:00:00Z,38141.83,38171.87,38076.89,38164.40,1421.75
2024-02-19T19:00:00Z,38139.59,38234.22,38126.00,38202.84,1125.30
2024-02-19T20:00:00Z,38222.76,38269.96,38047.66,38233.78,1411.98
2024-02-19T21:00:00Z,38239.06,38242.66,38167.58,38197.54,1339.73
2024-02-19T22:00:00Z,38216.69,38265.03,38131.26,38209.24,1204.63
2024-02-19T23:00:00Z,38193.98,38244.78,38145.18,38219.69,1041.23
2024-02-20T00:00:00Z,38232.55,38276.08,38177.07,38235.43,1200.52
2024-02-20T01:00:00Z,38235.23,38335.77,38160.93,38261.37,1072.82
2024-02-20T02:00:00Z,38232.63,38305.75,38174.23,38214.35,1270.83
2024-02-20T03:00:00Z,38201.51,38391.51,38044.28,38352.84,1383.89
2024-02-20T04:00:00Z,38350.01,38373.97,38337.61,38368.02,1066.46
2024-02-20T05:00:00Z,38354.28,38363.36,38282.72,38339.16,1382.97
2024-02-20T06:00:00Z,38309.19,38320.25,38222.83,38234.16,1161.43
2024-02-20T07:00:00Z,38250.44,38422.39,38163.20,38399.71,1237.56
2024-02-20T08:00:00Z,38376.43,38421.76,38295.98,38338.11,1073.49
2024-02-20T09:00:00Z,38335.30,38470.64,38331.35,38463.29,1122.40
2024-02-20T10:00:00Z,38441.74,38474.72,38425.01,38451.11,1010.94
2024-02-20T11:00:00Z,38461.33,38527.85,38378.37,38429.01,1110.60
2024-02-20T12:00:00Z,38409.32,38456.58,38335.12,38361.48,1260.40
2024-02-20T13:00:00Z,38367.12,38378.00,38263.13,38267.22,1042.15
2024-02-20T14:00:00Z,38282.81,38425.34,38139.68,38173.21,1069.51
2024-02-20T15:00:00Z,38145.83,38223.78,38104.54,38157.31,1334.08
2024-02-20T16:00:00Z,38140.49,38165.22,38070.94,38147.31,1285.01
2024-02-20T17:00:00Z,38126.13,38200.77,38011.46,38163.35,1130.00
2024-02-20T18:00:00Z,38155.74,38260.98,38133.59,38218.35,1039.54
2024-02-20T19:00:00Z,38234.68,38339.35,38160.79,38243.71,1357.98
2024-02-20T20:00:00Z,38251.40,38349.46,38141.05,38292.71,1032.85
2024-02-20T21:00:00Z,38293.14,38405.03,38098.49,38236.97,1336.31
2024-02-20T22:00:00Z,38248.45,38254.26,38102.19,38203.09,1325.83
2024-02-20T23:00:00Z,38217.57,38235.51,38145.86,38165.84,1166.56
2024-02-21T00:00:00Z,38173.82,38286.09,38127.03,38181.96,1109.27
2024-02-21T01:00:00Z,38160.32,38318.94,38028.00,38213.37,1096.11
2024-02-21T02:00:00Z,38230.63,38284.09,38143.67,38253.52,1159.88
2024-02-21T03:00:00Z,38225.85,38337.68,38188.74,38203.27,1041.40
2024-02-21T04:00:00Z,38218.61,38287.22,38070.88,38182.60,1346.19
2024-02-21T05:00:00Z,38198.51,38317.00,38184.08,38215.21,1115.04
2024-02-21T06:00:00Z,38186.21,38310.94,38074.97,38136.49,1432.98
2024-02-21T07:00:00Z,38138.75,38245.51,38106.42,38125.63,1392.96
2024-02-21T08:00:00Z,38143.64,38292.89,38130.33,38202.17,1395.59
2024-02-21T09:00:00Z,38177.82,38234.56,38137.22,38197.70,1402.76
2024-02-21T10:00:00Z,38195.70,38295.61,38077.28,38254.89,1100.35
2024-02-21T11:00:00Z,38227.65,38257.47,38163.84,38177.94,1438.88
2024-02-21T12:00:00Z,38197.73,38275.40,38131.18,38176.47,1461.67
2024-02-21T13:00:00Z,38189.24,38322.87,38076.31,38237.13,1406.91
2024-02-21T14:00:00Z,38248.74,38408.02,38150.54,38203.70,1101.17
2024-02-21T15:00:00Z,38198.96,38231.28,38190.25,38227.43,1333.42
2024-02-21T16:00:00Z,38222.59,38313.62,38148.57,38184.65,1410.21
2024-02-21T17:00:00Z,38158.21,38220.98,38054.58,38117.92,1255.77
2024-02-21T18:00:00Z,38112.39,38153.34,37997.50,38030.16,1102.38
2024-02-21T19:00:00Z,38009.84,38060.36,37958.23,38024.82,1262.30
2024-02-21T20:00:00Z,38004.08,38034.19,37901.02,37967.72,1071.37
2024-02-21T21:00:00Z,37953.37,38055.99,37884.42,37893.64,1029.04
2024-02-21T22:00:00Z,37866.28,38010.77,37765.09,37809.69,1230.99
2024-02-21T23:00:00Z,37795.91,37805.50,37789.91,37797.71,1206.53
2024-02-22T00:00:00Z,37772.42,37854.50,37680.94,37706.27,1105.06
2024-02-22T01:00:00Z,37697.50,37793.24,37654.54,37696.14,1096.54
2024-02-22T02:00:00Z,37711.77,37832.83,37598.74,37647.01,1190.40
2024-02-22T03:00:00Z,37622.50,37726.49,37514.06,37519.55,1421.79
2024-02-22T04:00:00Z,37502.12,37516.95,37431.86,37460.67,1233.90
2024-02-22T05:00:00Z,37450.76,37468.38,37309.92,37343.56,1390.36
2024-02-22T06:00:00Z,37316.87,37382.66,37308.15,37324.85,1373.44
2024-02-22T07:00:00Z,37309.10,37373.14,37230.48,37253.55,1322.11
2024-02-22T08:00:00Z,37236.27,37319.31,37197.75,37240.51,1387.49
2024-02-22T09:00:00Z,37249.98,37355.09,37183.95,37227.56,1234.19
2024-02-22T10:00:00Z,37211.61,37244.93,37151.56,37155.29,1084.75
2024-02-22T11:00:00Z,37157.31,37215.03,37107.95,37169.62,1299.97
2024-02-22T12:00:00Z,37161.84,37219.96,37130.76,37208.81,1419.70
2024-02-22T13:00:00Z,37223.99,37300.80,37061.80,37255.32,1116.77
2024-02-22T14:00:00Z,37227.16,37282.59,37102.27,37145.34,1248.56
2024-02-22T15:00:00Z,37145.59,37216.35,37088.22,37135.34,1328.50
2024-02-22T16:00:00Z,37132.02,37166.79,37011.65,37023.35,1122.77
2024-02-22T17:00:00Z,37015.38,37051.56,37009.73,37038.15,1164.78
2024-02-22T18:00:00Z,37040.17,37206.76,36940.73,36998.08,1191.18
2024-02-22T19:00:00Z,37005.65,37108.17,36936.14,36974.30,1050.30
2024-02-22T20:00:00Z,36960.05,37009.03,36875.35,36922.55,1281.54
2024-02-22T21:00:00Z,36922.19,36960.56,36883.02,36912.31,1439.83
2024-02-22T22:00:00Z,36888.06,37030.65,36772.01,36908.86,1204.04
2024-02-22T23:00:00Z,36883.40,36904.20,36793.85,36798.44,1326.86
2024-02-23T00:00:00Z,36776.48,36804.71,36715.07,36722.23,1314.11
2024-02-23T01:00:00Z,36722.53,36767.77,36609.81,36763.69,1280.53
2024-02-23T02:00:00Z,36742.89,36861.37,36717.41,36812.73,1455.51
2024-02-23T03:00:00Z,36807.31,36889.68,36623.58,36809.31,1406.99
2024-02-23T04:00:00Z,36785.61,36902.10,36657.63,36802.09,1321.28
2024-02-23T05:00:00Z,36779.77,36818.32,36706.27,36786.37,1038.01
2024-02-23T06:00:00Z,36778.74,36866.75,36644.71,36796.37,1496.78
2024-02-23T07:00:00Z,36785.50,36826.50,36747.92,36806.30,1061.39
2024-02-23T08:00:00Z,36798.40,36828.83,36763.41,36816.51,1488.59
2024-02-23T09:00:00Z,36799.83,36825.83,36677.00,36740.61,1039.19
2024-02-23T10:00:00Z,36712.86,36774.41,36643.81,36736.50,1088.19
2024-02-23T11:00:00Z,36727.56,36802.62,36651.79,36770.66,1315.47
2024-02-23T12:00:00Z,36789.43,36924.26,36673.70,36760.67,1382.15
2024-02-23T13:00:00Z,36732.06,36856.47,36725.84,36811.04,1174.89
2024-02-23T14:00:00Z,36789.64,36973.11,36610.83,36639.19,1359.87
2024-02-23T15:00:00Z,36653.36,36657.68,36569.27,36581.34,1133.64
2024-02-23T16:00:00Z,36599.08,36604.28,36595.12,36597.62,1404.79
2024-02-23T17:00:00Z,36572.36,36620.47,36477.81,36575.68,1053.11
2024-02-23T18:00:00Z,36560.41,36660.87,36476.80,36605.51,1063.92
2024-02-23T19:00:00Z,36613.66,36675.68,36535.95,36635.67,1335.46
2024-02-23T20:00:00Z,36636.15,36667.43,36622.62,36623.65,1479.21
2024-02-23T21:00:00Z,36633.58,36665.57,36527.84,36557.19,1245.06
2024-02-23T22:00:00Z,36574.78,36710.20,36558.17,36693.23,1050.18
2024-02-23T23:00:00Z,36667.68,36795.83,36665.26,36676.25,1225.29
2024-02-24T00:00:00Z,36695.55,36740.00,36616.13,36635.38,1190.92
2024-02-24T01:00:00Z,36636.08,36696.23,36563.38,36564.93,1008.14
2024-02-24T02:00:00Z,36550.73,36653.39,36531.78,36578.59,1219.75
2024-02-24T03:00:00Z,36580.40,36694.91,36450.18,36589.65,1063.66
2024-02-24T04:00:00Z,36584.95,36654.15,36499.26,36509.67,1058.56
2024-02-24T05:00:00Z,36500.61,36558.40,36364.29,36518.18,1156.04
2024-02-24T06:00:00Z,36514.23,36536.41,36490.18,36512.92,1301.95
2024-02-24T07:00:00Z,36522.76,36607.01,36479.38,36508.40,1129.34
2024-02-24T08:00:00Z,36508.35,36675.80,36389.10,36456.75,1414.64
2024-02-24T09:00:00Z,36443.66,36498.61,36323.56,36493.05,1427.19
2024-02-24T10:00:00Z,36475.88,36498.01,36425.29,36474.24,1191.38
2024-02-24T11:00:00Z,36462.23,36562.31,36437.58,36471.93,1080.49
2024-02-24T12:00:00Z,36466.05,36602.75,36379.61,36407.14,1405.25
2024-02-24T13:00:00Z,36397.69,36423.78,36369.66,36395.65,1475.37
2024-02-24T14:00:00Z,36373.00,36486.39,36275.09,36453.74,1224.32
2024-02-24T15:00:00Z,36441.95,36507.93,36401.09,36507.34,1295.77
2024-02-24T16:00:00Z,36492.33,36546.94,36360.15,36418.39,1046.65
2024-02-24T17:00:00Z,36434.80,36547.61,36360.72,36542.67,1111.54
2024-02-24T18:00:00Z,36543.87,36618.99,36431.04,36451.39,1402.70
2024-02-24T19:00:00Z,36427.44,36437.16,36411.47,36422.69,1077.95
2024-02-24T20:00:00Z,36438.28,36578.25,36373.13,36380.85,1483.59
2024-02-24T21:00:00Z,36359.34,36480.54,36276.06,36298.49,1022.80
2024-02-24T22:00:00Z,36304.31,36392.78,36240.81,36255.05,1359.83
2024-02-24T23:00:00Z,36241.40,36259.92,36109.89,36144.88,1152.93
2024-02-25T00:00:00Z,36164.11,36210.54,36107.93,36134.72,1241.09
2024-02-25T01:00:00Z,36108.09,36158.67,36068.39,36142.00,1299.83
2024-02-25T02:00:00Z,36134.94,36280.31,36111.17,36230.20,1162.58
2024-02-25T03:00:00Z,36212.65,36247.92,36182.29,36235.95,1220.42
2024-02-25T04:00:00Z,36224.44,36277.18,36211.02,36269.48,1098.90
2024-02-25T05:00:00Z,36285.78,36301.12,36243.29,36264.30,1069.66
2024-02-25T06:00:00Z,36243.33,36350.31,36152.21,36217.41,1281.36
2024-02-25T07:00:00Z,36221.06,36248.36,36099.92,36200.25,1118.22
2024-02-25T08:00:00Z,36198.02,36355.80,36066.19,36125.71,1220.36
2024-02-25T09:00:00Z,36107.01,36260.89,36087.13,36230.40,1053.34
2024-02-25T10:00:00Z,36245.62,36398.23,36159.68,36349.31,1035.17
2024-02-25T11:00:00Z,36347.81,36406.30,36262.44,36264.17,1084.93
2024-02-25T12:00:00Z,36268.36,36400.40,36189.75,36266.97,1188.33
2024-02-25T13:00:00Z,36251.30,36355.67,36132.61,36226.29,1460.13
2024-02-25T14:00:00Z,36235.81,36298.84,36115.18,36248.67,1434.24
2024-02-25T15:00:00Z,36244.12,36315.48,36158.57,36246.76,1193.43
2024-02-25T16:00:00Z,36218.16,36336.39,36100.53,36318.50,1063.49
2024-02-25T17:00:00Z,36289.21,36400.33,36169.01,36200.21,1176.65
2024-02-25T18:00:00Z,36192.11,36365.54,36184.58,36361.76,1045.91
2024-02-25T19:00:00Z,36353.18,36420.27,36344.41,36410.93,1485.82
2024-02-25T20:00:00Z,36420.75,36460.96,36280.61,36298.69,1033.93
2024-02-25T21:00:00Z,36294.49,36342.64,36228.90,36327.01,1458.13
2024-02-25T22:00:00Z,36344.73,36387.71,36217.27,36245.60,1331.49
2024-02-25T23:00:00Z,36239.31,36347.19,36134.03,36290.37,1396.50
2024-02-26T00:00:00Z,36282.88,36365.89,36151.90,36253.47,1470.33
2024-02-26T01:00:00Z,36267.62,36365.64,36204.03,36265.17,1278.08
2024-02-26T02:00:00Z,36261.15,36393.06,36118.43,36274.56,1402.98
2024-02-26T03:00:00Z,36271.68,36280.96,36226.23,36262.09,1190.25
2024-02-26T04:00:00Z,36244.09,36376.85,36207.06,36299.99,1131.61
2024-02-26T05:00:00Z,36300.77,36409.74,36263.58,36348.69,1190.44
2024-02-26T06:00:00Z,36355.84,36424.29,36307.41,36416.61,1276.84
2024-02-26T07:00:00Z,36436.15,36521.73,36329.21,36511.85,1023.45
2024-02-26T08:00:00Z,36516.34,36606.36,36493.46,36523.23,1486.66
2024-02-26T09:00:00Z,36537.50,36589.22,36516.82,36554.89,1161.00
2024-02-26T10:00:00Z,36540.62,36631.37,36526.86,36599.19,1319.72
2024-02-26T11:00:00Z,36611.82,36640.82,36531.17,36588.07,1496.78
2024-02-26T12:00:00Z,36571.17,36642.95,36442.60,36568.72,1255.86
2024-02-26T13:00:00Z,36547.78,36571.70,36432.71,36517.67,1211.19
2024-02-26T14:00:00Z,36536.54,36604.78,36520.72,36521.91,1264.79
2024-02-26T15:00:00Z,36508.36,36609.72,36466.89,36600.50,1154.89
2024-02-26T16:00:00Z,36593.24,36680.60,36552.67,36678.88,1412.26
2024-02-26T17:00:00Z,36675.21,36752.84,36536.49,36631.37,1424.28
2024-02-26T18:00:00Z,36641.62,36740.74,36566.56,36618.14,1146.41
2024-02-26T19:00:00Z,36623.73,36672.55,36519.89,36662.20,1394.35
2024-02-26T20:00:00Z,36675.08,36743.90,36540.42,36583.12,1192.36
2024-02-26T21:00:00Z,36559.52,36608.20,36473.96,36604.19,1414.20
2024-02-26T22:00:00Z,36603.24,36631.70,36568.60,36574.19,1050.96
2024-02-26T23:00:00Z,36549.25,36629.60,36465.73,36564.39,1051.95
2024-02-27T00:00:00Z,36578.51,36678.08,36423.94,36462.30,1279.28
2024-02-27T01:00:00Z,36442.68,36455.72,36338.02,36390.00,1372.65
2024-02-27T02:00:00Z,36393.60,36433.26,36382.01,36419.79,1048.14
2024-02-27T03:00:00Z,36417.17,36429.10,36312.44,36371.96,1247.27
2024-02-27T04:00:00Z,36343.92,36423.19,36252.95,36266.27,1479.69
2024-02-27T05:00:00Z,36269.62,36305.02,36219.99,36258.59,1226.56
2024-02-27T06:00:00Z,36239.21,36373.88,36077.78,36366.10,1348.98
2024-02-27T07:00:00Z,36351.87,36471.91,36326.87,36394.23,1312.53
2024-02-27T08:00:00Z,36364.59,36473.51,36291.28,36418.89,1016.92
2024-02-27T09:00:00Z,36435.58,36528.22,36372.07,36466.01,1215.93
2024-02-27T10:00:00Z,36455.20,36529.35,36397.62,36508.77,1209.50
2024-02-27T11:00:00Z,36495.40,36520.55,36403.06,36462.01,1027.14
2024-02-27T12:00:00Z,36446.86,36479.44,36389.93,36421.05,1031.20
2024-02-27T13:00:00Z,36409.61,36467.26,36240.31,36464.84,1066.58
2024-02-27T14:00:00Z,36466.11,36539.23,36375.72,36393.82,1030.59
2024-02-27T15:00:00Z,36397.29,36397.91,36349.47,36383.20,1224.50
2024-02-27T16:00:00Z,36403.00,36519.21,36280.80,36395.95,1392.06
2024-02-27T17:00:00Z,36415.56,36453.79,36278.81,36310.76,1154.37
2024-02-27T18:00:00Z,36299.13,36305.93,36234.14,36279.79,1291.12
2024-02-27T19:00:00Z,36255.00,36310.89,36194.37,36278.18,1351.54
2024-02-27T20:00:00Z,36277.10,36452.67,36267.16,36269.75,1103.12
2024-02-27T21:00:00Z,36252.75,36273.37,36100.99,36216.40,1038.39
2024-02-27T22:00:00Z,36230.82,36352.07,36133.09,36180.02,1477.44
2024-02-27T23:00:00Z,36150.35,36264.50,36080.14,36130.24,1032.70
2024-02-28T00:00:00Z,36118.91,36197.69,35956.77,36093.45,1344.06
2024-02-28T01:00:00Z,36076.89,36149.62,36047.68,36079.00,1185.52
2024-02-28T02:00:00Z,36059.50,36141.55,35886.91,35899.91,1477.15
2024-02-28T03:00:00Z,35888.61,35970.62,35796.32,35843.65,1068.15
2024-02-28T04:00:00Z,35842.30,35873.75,35672.82,35851.25,1212.32
2024-02-28T05:00:00Z,35863.65,35977.53,35862.67,35950.12,1002.56
2024-02-28T06:00:00Z,35926.02,35938.89,35819.76,35903.63,1176.06
2024-02-28T07:00:00Z,35875.82,35916.88,35870.25,35908.96,1204.09
2024-02-28T08:00:00Z,35894.86,35896.21,35885.84,35895.50,1039.57
2024-02-28T09:00:00Z,35885.96,35970.57,35716.76,35738.71,1183.90
2024-02-28T10:00:00Z,35721.90,35848.39,35665.50,35677.73,1126.12
2024-02-28T11:00:00Z,35668.14,35823.74,35649.10,35770.35,1449.27
2024-02-28T12:00:00Z,35756.89,35830.83,35696.44,35734.66,1251.56
2024-02-28T13:00:00Z,35723.45,35874.32,35609.68,35715.62,1431.12
2024-02-28T14:00:00Z,35723.17,35820.88,35556.94,35658.62,1071.46
2024-02-28T15:00:00Z,35657.31,35737.54,35595.61,35595.96,1358.12
2024-02-28T16:00:00Z,35570.33,35573.27,35561.58,35564.67,1049.52
2024-02-28T17:00:00Z,35577.93,35622.28,35505.98,35519.61,1367.77
2024-02-28T18:00:00Z,35516.60,35595.60,35410.21,35540.70,1193.93
2024-02-28T19:00:00Z,35552.60,35656.92,35434.92,35539.39,1220.27
2024-02-28T20:00:00Z,35548.19,35552.45,35482.55,35523.73,1160.82
2024-02-28T21:00:00Z,35514.06,35576.50,35500.98,35526.90,1104.77
2024-02-28T22:00:00Z,35540.89,35648.31,35512.61,35523.44,1079.33
2024-02-28T23:00:00Z,35540.37,35666.99,35409.40,35613.14,1026.62
2024-02-29T00:00:00Z,35597.43,35601.49,35428.37,35492.63,1108.73
2024-02-29T01:00:00Z,35505.27,35550.62,35376.80,35420.01,1361.03
2024-02-29T02:00:00Z,35423.31,35444.76,35383.07,35395.58,1118.74
2024-02-29T03:00:00Z,35399.34,35454.35,35364.25,35387.93,1191.80
2024-02-29T04:00:00Z,35371.98,35449.75,35203.95,35377.48,1197.86
2024-02-29T05:00:00Z,35353.29,35463.59,35274.70,35302.31,1299.95
2024-02-29T06:00:00Z,35310.49,35366.52,35248.51,35339.91,1369.03
2024-02-29T07:00:00Z,35327.85,35436.85,35265.52,35356.20,1094.96
2024-02-29T08:00:00Z,35364.33,35419.96,35346.95,35410.21,1394.57
2024-02-29T09:00:00Z,35429.00,35567.33,35280.89,35452.19,1312.55
2024-02-29T10:00:00Z,35458.96,35501.71,35448.67,35491.75,1169.30
2024-02-29T11:00:00Z,35465.71,35512.35,35435.01,35471.87,1426.04
2024-02-29T12:00:00Z,35490.12,35493.33,35342.45,35411.28,1288.99
2024-02-29T13:00:00Z,35421.67,35460.91,35332.72,35360.87,1046.83
2024-02-29T14:00:00Z,35346.09,35533.23,35276.29,35282.46,1000.67
2024-02-29T15:00:00Z,35277.86,35400.08,35136.82,35179.73,1234.76
2024-02-29T16:00:00Z,35196.71,35277.63,35119.45,35264.45,1089.23
2024-02-29T17:00:00Z,35266.79,35385.47,35208.86,35252.96,1235.55
2024-02-29T18:00:00Z,35259.32,35275.39,35162.14,35215.83,1484.12
2024-02-29T19:00:00Z,35227.76,35229.11,35224.95,35225.59,1093.63
2024-02-29T20:00:00Z,35222.54,35258.77,35125.51,35132.30,1380.02
2024-02-29T21:00:00Z,35119.46,35126.59,35085.41,35112.89,1223.65
2024-02-29T22:00:00Z,35124.56,35188.18,35048.66,35167.08,1160.65
2024-02-29T23:00:00Z,35140.56,35221.93,35123.41,35136.85,1144.31
2024-03-01T00:00:00Z,35136.29,35283.70,35121.40,35173.63,1204.95
2024-03-01T01:00:00Z,35169.47,35228.35,35128.84,35204.48,1256.24
2024-03-01T02:00:00Z,35176.50,35187.94,35093.06,35144.41,1155.53
2024-03-01T03:00:00Z,35149.75,35272.36,35048.00,35202.51,1465.18
2024-03-01T04:00:00Z,35205.74,35251.96,35024.74,35223.62,1075.25
2024-03-01T05:00:00Z,35212.98,35262.01,35070.37,35184.27,1220.01
2024-03-01T06:00:00Z,35190.98,35209.40,35051.92,35072.87,1475.90
2024-03-01T07:00:00Z,35046.96,35065.48,34923.10,35024.09,1310.55
2024-03-01T08:00:00Z,35032.79,35162.27,34988.37,35057.96,1261.91
2024-03-01T09:00:00Z,35045.93,35143.55,35019.95,35080.34,1190.82
2024-03-01T10:00:00Z,35096.14,35155.10,35093.78,35097.68,1232.49
2024-03-01T11:00:00Z,35095.86,35095.94,35058.55,35083.53,1015.50
2024-03-01T12:00:00Z,35070.13,35093.20,34974.70,35038.96,1235.69
2024-03-01T13:00:00Z,35052.80,35137.07,35011.54,35044.39,1194.90
2024-03-01T14:00:00Z,35029.65,35129.79,34983.56,35119.34,1176.90
2024-03-01T15:00:00Z,35100.86,35123.27,35065.76,35102.00,1098.00
2024-03-01T16:00:00Z,35096.25,35267.42,34932.65,35149.17,1420.56
2024-03-01T17:00:00Z,35133.80,35247.48,35124.81,35129.15,1440.36
2024-03-01T18:00:00Z,35145.49,35174.85,35036.69,35174.33,1079.63
2024-03-01T19:00:00Z,35190.88,35241.53,35171.61,35190.17,1031.43
2024-03-01T20:00:00Z,35204.39,35213.74,35186.82,35202.79,1092.86
2024-03-01T21:00:00Z,35190.85,35220.94,35107.77,35196.86,1484.07
2024-03-01T22:00:00Z,35207.01,35300.77,35117.83,35265.26,1080.38
2024-03-01T23:00:00Z,35274.59,35308.44,35272.36,35288.54,1011.62
2024-03-02T00:00:00Z,35302.41,35430.14,35218.15,35359.49,1391.06
2024-03-02T01:00:00Z,35360.42,35517.74,35321.68,35484.95,1100.00
2024-03-02T02:00:00Z,35478.84,35578.47,35453.86,35558.90,1442.42
2024-03-02T03:00:00Z,35536.01,35586.22,35489.95,35546.37,1083.37
2024-03-02T04:00:00Z,35538.19,35579.22,35524.35,35536.41,1262.94
2024-03-02T05:00:00Z,35542.03,35707.75,35527.40,35545.76,1320.84
2024-03-02T06:00:00Z,35555.70,35624.48,35546.30,35551.61,1005.99
2024-03-02T07:00:00Z,35522.93,35662.46,35369.35,35539.05,1016.14
2024-03-02T08:00:00Z,35519.96,35681.29,35374.67,35544.81,1496.76
2024-03-02T09:00:00Z,35515.59,35663.62,35451.54,35622.71,1389.39
2024-03-02T10:00:00Z,35598.69,35653.54,35545.53,35563.12,1207.97
2024-03-02T11:00:00Z,35547.31,35612.88,35451.29,35556.52,1195.03
2024-03-02T12:00:00Z,35556.54,35708.71,35427.13,35563.69,1048.50
2024-03-02T13:00:00Z,35574.89,35720.23,35518.04,35609.55,1068.58
2024-03-02T14:00:00Z,35588.88,35734.25,35506.84,35649.52,1361.42
2024-03-02T15:00:00Z,35666.89,35772.10,35612.05,35759.31,1434.77
2024-03-02T16:00:00Z,35771.45,35852.67,35757.95,35796.40,1384.89
2024-03-02T17:00:00Z,35816.37,35847.18,35685.91,35720.90,1119.72
2024-03-02T18:00:00Z,35715.59,35751.08,35618.72,35631.02,1429.47
2024-03-02T19:00:00Z,35623.22,35675.80,35468.32,35501.46,1116.94
2024-03-02T20:00:00Z,35505.17,35545.98,35308.61,35425.98,1453.45
2024-03-02T21:00:00Z,35433.17,35577.80,35380.00,35400.88,1304.97
2024-03-02T22:00:00Z,35413.17,35432.58,35306.65,35364.06,1234.52
2024-03-02T23:00:00Z,35343.52,35467.16,35304.95,35381.40,1086.12
2024-03-03T00:00:00Z,35399.98,35504.69,35365.12,35388.63,1120.03
2024-03-03T01:00:00Z,35374.39,35412.72,35342.27,35404.22,1055.03
2024-03-03T02:00:00Z,35407.16,35414.79,35388.40,35402.40,1447.07
2024-03-03T03:00:00Z,35375.77,35395.86,35338.37,35338.80,1002.34
2024-03-03T04:00:00Z,35334.51,35387.51,35321.05,35371.47,1194.92
2024-03-03T05:00:00Z,35352.72,35422.97,35240.87,35315.23,1168.42
2024-03-03T06:00:00Z,35295.23,35377.08,35128.69,35177.36,1272.00
2024-03-03T07:00:00Z,35193.09,35238.37,35171.84,35185.31,1099.64
2024-03-03T08:00:00Z,35160.08,35168.83,35092.66,35112.05,1356.83
2024-03-03T09:00:00Z,35086.60,35132.24,35043.80,35047.35,1349.03
2024-03-03T10:00:00Z,35042.93,35106.09,34925.04,34963.61,1415.36
2024-03-03T11:00:00Z,34977.87,35065.05,34907.65,34933.62,1165.05
2024-03-03T12:00:00Z,34926.52,35093.11,34799.92,34903.28,1333.02
2024-03-03T13:00:00Z,34891.88,35029.43,34829.74,35016.49,1123.57
2024-03-03T14:00:00Z,34993.52,35007.60,34890.25,34966.94,1315.35
2024-03-03T15:00:00Z,34961.22,34982.41,34811.47,34883.31,1131.74
2024-03-03T16:00:00Z,34864.42,34907.62,34794.36,34829.06,1304.57
2024-03-03T17:00:00Z,34809.68,34876.41,34716.19,34825.88,1070.98
2024-03-03T18:00:00Z,34836.82,34999.53,34765.33,34947.45,1318.38
2024-03-03T19:00:00Z,34925.68,35031.19,34874.39,34950.18,1150.39
2024-03-03T20:00:00Z,34941.52,34992.36,34920.05,34952.50,1184.35
2024-03-03T21:00:00Z,34948.24,34951.94,34861.21,34888.00,1039.25
2024-03-03T22:00:00Z,34890.94,34899.58,34781.68,34871.17,1124.56
2024-03-03T23:00:00Z,34881.19,35015.43,34794.11,34815.76,1075.35
2024-03-04T00:00:00Z,34803.32,34878.75,34727.96,34865.48,1329.35
2024-03-04T01:00:00Z,34862.63,34973.59,34784.52,34836.49,1081.52
2024-03-04T02:00:00Z,34809.87,34869.80,34786.21,34853.12,1270.44
2024-03-04T03:00:00Z,34865.12,35014.58,34705.87,34725.23,1004.13
2024-03-04T04:00:00Z,34698.63,34733.79,34616.30,34685.86,1035.23
2024-03-04T05:00:00Z,34673.61,34796.38,34536.38,34697.10,1329.92
2024-03-04T06:00:00Z,34711.64,34742.85,34645.83,34720.15,1464.54
2024-03-04T07:00:00Z,34732.46,34779.34,34680.61,34714.58,1395.91
2024-03-04T08:00:00Z,34700.51,34827.23,34611.52,34691.48,1382.39
2024-03-04T09:00:00Z,34685.68,34721.38,34540.51,34565.25,1222.06
2024-03-04T10:00:00Z,34554.61,34566.89,34497.96,34530.26,1462.91
2024-03-04T11:00:00Z,34504.64,34533.13,34424.16,34529.16,1488.05
2024-03-04T12:00:00Z,34537.86,34621.81,34379.59,34612.21,1294.15
2024-03-04T13:00:00Z,34593.60,34675.68,34543.67,34648.68,1068.73
2024-03-04T14:00:00Z,34624.66,34733.13,34550.59,34684.17,1321.42
2024-03-04T15:00:00Z,34676.44,34735.51,34529.66,34558.93,1027.12
2024-03-04T16:00:00Z,34530.95,34571.95,34454.07,34466.52,1129.96
2024-03-04T17:00:00Z,34485.69,34589.99,34477.94,34484.36,1323.44
2024-03-04T18:00:00Z,34457.78,34517.87,34348.72,34508.32,1247.57
2024-03-04T19:00:00Z,34523.97,34564.21,34460.50,34488.40,1345.72
2024-03-04T20:00:00Z,34476.65,34551.17,34414.89,34540.60,1400.52
2024-03-04T21:00:00Z,34555.69,34558.37,34551.77,34554.24,1482.80
2024-03-04T22:00:00Z,34567.63,34673.36,34543.28,34550.24,1172.79
2024-03-04T23:00:00Z,34558.99,34714.68,34410.46,34570.84,1165.46
2024-03-05T00:00:00Z,34549.93,34643.88,34546.33,34590.99,1270.68
2024-03-05T01:00:00Z,34561.14,34628.61,34511.24,34556.48,1478.81
2024-03-05T02:00:00Z,34550.13,34663.60,34425.23,34487.33,1169.10
2024-03-05T03:00:00Z,34490.90,34643.35,34349.02,34460.54,1362.41
2024-03-05T04:00:00Z,34447.18,34492.95,34388.12,34471.63,1065.24
2024-03-05T05:00:00Z,34467.53,34510.92,34356.50,34452.65,1013.44
2024-03-05T06:00:00Z,34443.98,34458.30,34396.14,34398.79,1076.23
2024-03-05T07:00:00Z,34381.82,34394.63,34247.93,34261.40,1107.34
2024-03-05T08:00:00Z,34268.19,34344.50,34230.40,34312.77,1369.54
2024-03-05T09:00:00Z,34323.51,34459.24,34307.72,34394.38,1419.74
2024-03-05T10:00:00Z,34389.28,34410.46,34277.59,34382.44,1492.47
2024-03-05T11:00:00Z,34360.36,34401.84,34308.22,34361.92,1332.19
2024-03-05T12:00:00Z,34355.67,34538.35,34317.78,34441.80,1457.90
2024-03-05T13:00:00Z,34440.14,34506.42,34407.63,34419.83,1225.93
2024-03-05T14:00:00Z,34398.98,34432.93,34359.61,34391.10,1287.84
2024-03-05T15:00:00Z,34396.56,34486.09,34375.21,34411.75,1076.84
2024-03-05T16:00:00Z,34392.65,34521.14,34354.43,34394.79,1382.49
2024-03-05T17:00:00Z,34391.95,34534.59,34269.57,34282.92,1409.83
2024-03-05T18:00:00Z,34273.14,34430.48,34120.44,34395.75,1377.92
2024-03-05T19:00:00Z,34408.56,34452.97,34311.76,34357.48,1181.42
2024-03-05T20:00:00Z,34376.56,34435.83,34372.70,34381.23,1000.41
2024-03-05T21:00:00Z,34361.31,34426.90,34212.64,34366.37,1332.06
2024-03-05T22:00:00Z,34376.56,34492.57,34284.71,34471.77,1079.14
2024-03-05T23:00:00Z,34471.50,34608.92,34307.08,34502.00,1420.90
2024-03-06T00:00:00Z,34475.97,34485.52,34379.38,34457.69,1348.74
2024-03-06T01:00:00Z,34433.45,34452.81,34322.77,34357.95,1059.60
2024-03-06T02:00:00Z,34370.93,34379.32,34272.49,34357.23,1272.70
2024-03-06T03:00:00Z,34335.46,34446.90,34231.71,34251.61,1365.54
2024-03-06T04:00:00Z,34266.44,34405.97,34204.04,34378.67,1306.64
2024-03-06T05:00:00Z,34353.59,34355.14,34302.78,34331.76,1256.84
2024-03-06T06:00:00Z,34321.14,34422.21,34199.28,34262.18,1424.83
2024-03-06T07:00:00Z,34277.03,34393.22,34206.76,34381.41,1442.24
2024-03-06T08:00:00Z,34399.55,34414.14,34310.49,34338.21,1361.52
2024-03-06T09:00:00Z,34351.74,34360.02,34299.03,34309.51,1008.43
2024-03-06T10:00:00Z,34323.76,34397.49,34265.37,34380.44,1344.72
2024-03-06T11:00:00Z,34380.61,34389.74,34314.78,34319.18,1396.18
2024-03-06T12:00:00Z,34305.61,34412.10,34261.26,34310.17,1483.13
2024-03-06T13:00:00Z,34308.67,34339.17,34243.19,34280.10,1128.95
2024-03-06T14:00:00Z,34263.04,34343.67,34214.19,34255.68,1355.12
2024-03-06T15:00:00Z,34267.93,34371.64,34144.20,34174.50,1472.99
2024-03-06T16:00:00Z,34175.83,34270.97,34050.67,34228.05,1066.79
2024-03-06T17:00:00Z,34205.52,34206.86,34159.41,34196.50,1099.79
2024-03-06T18:00:00Z,34182.99,34264.39,34153.33,34183.59,1287.54
2024-03-06T19:00:00Z,34184.28,34222.62,34099.39,34155.37,1324.17
2024-03-06T20:00:00Z,34138.62,34164.27,34133.55,34145.81,1438.40
2024-03-06T21:00:00Z,34126.99,34191.65,34116.95,34164.51,1117.64
2024-03-06T22:00:00Z,34161.54,34246.53,34100.11,34158.69,1140.32
2024-03-06T23:00:00Z,34170.65,34188.81,34124.53,34137.36,1026.57
2024-03-07T00:00:00Z,34113.34,34180.18,34023.15,34114.59,1086.95
2024-03-07T01:00:00Z,34100.11,34219.79,34054.84,34168.15,1155.15
2024-03-07T02:00:00Z,34181.88,34203.47,34163.26,34196.45,1323.30
2024-03-07T03:00:00Z,34178.81,34292.73,34075.85,34265.42,1149.49
2024-03-07T04:00:00Z,34272.98,34364.40,34127.10,34300.08,1013.81
2024-03-07T05:00:00Z,34296.95,34378.06,34247.58,34319.48,1406.44
2024-03-07T06:00:00Z,34330.84,34458.23,34266.55,34446.74,1214.47
2024-03-07T07:00:00Z,34450.10,34464.21,34389.10,34400.54,1174.98
2024-03-07T08:00:00Z,34420.44,34445.90,34349.25,34365.32,1393.97
2024-03-07T09:00:00Z,34363.23,34480.30,34330.50,34331.51,1305.51
2024-03-07T10:00:00Z,34304.60,34352.97,34213.27,34325.09,1037.69
2024-03-07T11:00:00Z,34337.92,34485.99,34217.66,34290.31,1063.82
2024-03-07T12:00:00Z,34283.40,34463.41,34191.86,34345.23,1405.27
2024-03-07T13:00:00Z,34330.94,34430.17,34286.56,34311.34,1446.64
2024-03-07T14:00:00Z,34327.50,34328.09,34302.87,34312.55,1038.28
2024-03-07T15:00:00Z,34293.54,34399.20,34203.66,34243.09,1259.26
2024-03-07T16:00:00Z,34251.60,34338.40,34188.28,34212.25,1201.71
2024-03-07T17:00:00Z,34198.40,34268.10,34179.82,34241.45,1125.62
2024-03-07T18:00:00Z,34243.22,34312.57,34241.47,34302.90,1374.10
2024-03-07T19:00:00Z,34280.23,34440.99,34148.46,34398.54,1184.45
2024-03-07T20:00:00Z,34392.01,34564.78,34218.43,34238.40,1133.97
2024-03-07T21:00:00Z,34217.89,34341.78,34125.05,34317.37,1383.58
2024-03-07T22:00:00Z,34289.44,34362.88,34241.76,34330.61,1196.58
2024-03-07T23:00:00Z,34333.11,34397.86,34166.20,34392.21,1030.87
2024-03-08T00:00:00Z,34394.86,34478.83,34375.26,34445.14,1147.51
2024-03-08T01:00:00Z,34433.19,34596.56,34416.33,34560.14,1239.97
2024-03-08T02:00:00Z,34573.99,34642.24,34479.76,34572.11,1412.67
2024-03-08T03:00:00Z,34589.85,34747.04,34553.74,34643.19,1170.60
2024-03-08T04:00:00Z,34641.78,34768.16,34628.35,34745.72,1259.84
2024-03-08T05:00:00Z,34743.66,34771.55,34718.44,34728.47,1408.95
2024-03-08T06:00:00Z,34743.96,34777.90,34582.46,34622.90,1170.65
2024-03-08T07:00:00Z,34616.75,34687.44,34531.37,34542.32,1293.46
2024-03-08T08:00:00Z,34528.32,34589.02,34510.35,34554.13,1131.97
2024-03-08T09:00:00Z,34549.52,34640.32,34517.51,34630.11,1203.24
2024-03-08T10:00:00Z,34649.50,34768.12,34552.60,34628.12,1365.97
2024-03-08T11:00:00Z,34610.31,34726.95,34546.71,34606.77,1386.52
2024-03-08T12:00:00Z,34591.28,34689.48,34426.43,34582.88,1256.96
2024-03-08T13:00:00Z,34573.79,34652.99,34542.80,34584.12,1308.60
2024-03-08T14:00:00Z,34556.31,34586.12,34508.96,34512.72,1392.54
2024-03-08T15:00:00Z,34494.96,34637.30,34357.11,34497.78,1428.98
2024-03-08T16:00:00Z,34476.54,34573.62,34440.48,34477.90,1100.33
2024-03-08T17:00:00Z,34484.49,34555.70,34460.84,34553.03,1237.84
2024-03-08T18:00:00Z,34537.96,34611.57,34469.80,34527.30,1475.32
2024-03-08T19:00:00Z,34537.42,34546.19,34527.58,34527.94,1099.66
2024-03-08T20:00:00Z,34501.66,34519.46,34468.78,34512.26,1321.01
2024-03-08T21:00:00Z,34518.52,34578.94,34465.44,34522.44,1384.64
2024-03-08T22:00:00Z,34537.37,34678.20,34432.84,34453.77,1287.87
2024-03-08T23:00:00Z,34471.78,34575.64,34360.12,34523.40,1204.23
2024-03-09T00:00:00Z,34494.63,34544.29,34435.43,34485.97,1324.62
2024-03-09T01:00:00Z,34480.66,34538.68,34362.26,34496.51,1467.06
2024-03-09T02:00:00Z,34467.38,34604.68,34371.78,34455.05,1482.98
2024-03-09T03:00:00Z,34458.14,34534.38,34386.47,34518.85,1375.08
2024-03-09T04:00:00Z,34508.17,34574.21,34506.74,34523.91,1429.42
2024-03-09T05:00:00Z,34495.44,34511.49,34492.13,34495.02,1031.01
2024-03-09T06:00:00Z,34477.37,34522.62,34442.01,34470.47,1048.49
2024-03-09T07:00:00Z,34454.22,34521.39,34420.45,34430.48,1336.50
2024-03-09T08:00:00Z,34450.31,34479.66,34393.98,34460.06,1433.02
2024-03-09T09:00:00Z,34448.80,34622.06,34271.85,34362.19,1229.79
2024-03-09T10:00:00Z,34333.97,34436.32,34271.32,34344.83,1226.28
2024-03-09T11:00:00Z,34316.55,34343.52,34224.31,34253.91,1231.90
2024-03-09T12:00:00Z,34270.39,34331.71,34223.66,34327.86,1340.04
2024-03-09T13:00:00Z,34307.23,34457.37,34179.35,34184.80,1209.13
2024-03-09T14:00:00Z,34190.59,34276.48,34187.53,34259.55,1456.81
2024-03-09T15:00:00Z,34266.99,34320.87,34182.15,34223.37,1184.11
2024-03-09T16:00:00Z,34213.45,34282.59,34130.34,34140.39,1034.01
2024-03-09T17:00:00Z,34115.96,34169.59,33973.49,34110.04,1283.00
2024-03-09T18:00:00Z,34102.05,34280.74,33998.36,34190.38,1224.73
2024-03-09T19:00:00Z,34191.26,34278.98,34113.31,34148.51,1168.84
2024-03-09T20:00:00Z,34143.71,34261.87,34042.88,34073.25,1120.76
2024-03-09T21:00:00Z,34077.68,34136.44,34075.18,34100.73,1364.95
2024-03-09T22:00:00Z,34098.97,34165.64,34081.15,34139.50,1071.76
2024-03-09T23:00:00Z,34115.81,34181.70,33995.18,34000.57,1149.92
2024-03-10T00:00:00Z,33988.37,34052.54,33913.44,33992.50,1058.90
2024-03-10T01:00:00Z,33985.97,34084.16,33867.15,33897.09,1366.74
2024-03-10T02:00:00Z,33907.90,33944.21,33853.59,33878.05,1394.66
2024-03-10T03:00:00Z,33856.21,33922.63,33733.74,33788.97,1312.55
2024-03-10T04:00:00Z,33803.85,33941.53,33755.46,33903.15,1423.28
2024-03-10T05:00:00Z,33895.76,33919.53,33841.54,33881.98,1294.10
2024-03-10T06:00:00Z,33864.19,33960.53,33779.56,33893.81,1406.66
2024-03-10T07:00:00Z,33881.74,33996.87,33818.36,33938.99,1016.65
2024-03-10T08:00:00Z,33928.25,33933.56,33824.32,33904.49,1094.22
2024-03-10T09:00:00Z,33920.64,34030.86,33765.54,33855.39,1168.19
2024-03-10T10:00:00Z,33861.33,33949.30,33831.74,33878.19,1470.59
2024-03-10T11:00:00Z,33863.47,33967.23,33732.18,33787.41,1313.55
2024-03-10T12:00:00Z,33767.29,33851.44,33714.38,33721.48,1259.94
2024-03-10T13:00:00Z,33741.30,33771.89,33615.86,33705.00,1023.83
2024-03-10T14:00:00Z,33718.15,33790.37,33696.01,33767.31,1102.10
2024-03-10T15:00:00Z,33787.08,33858.36,33719.34,33776.67,1081.09
2024-03-10T16:00:00Z,33764.65,33847.05,33627.17,33720.52,1282.82
2024-03-10T17:00:00Z,33733.17,33746.65,33659.34,33688.07,1273.73
2024-03-10T18:00:00Z,33670.08,33695.77,33519.05,33524.45,1405.84
2024-03-10T19:00:00Z,33513.19,33678.15,33420.14,33653.12,1016.89
2024-03-10T20:00:00Z,33657.48,33810.29,33512.53,33730.21,1407.24
2024-03-10T21:00:00Z,33710.68,33790.69,33633.23,33732.39,1109.09
2024-03-10T22:00:00Z,33745.70,33767.29,33732.23,33759.57,1498.89
2024-03-10T23:00:00Z,33778.30,33878.66,33763.18,33792.46,1193.36
2024-03-11T00:00:00Z,33774.93,33819.52,33767.23,33819.37,1242.13
2024-03-11T01:00:00Z,33809.79,33957.25,33747.06,33820.31,1236.79
2024-03-11T02:00:00Z,33819.39,33852.52,33785.36,33848.44,1100.75
2024-03-11T03:00:00Z,33846.27,33913.12,33779.03,33817.51,1330.31
2024-03-11T04:00:00Z,33795.42,33930.06,33636.75,33663.80,1295.26
2024-03-11T05:00:00Z,33638.98,33718.69,33612.04,33714.73,1431.38
2024-03-11T06:00:00Z,33702.87,33727.48,33614.35,33682.80,1117.65
2024-03-11T07:00:00Z,33690.18,33839.29,33629.30,33753.03,1316.34
2024-03-11T08:00:00Z,33753.82,33905.55,33702.79,33854.70,1241.03
2024-03-11T09:00:00Z,33834.83,33871.23,33798.44,33825.27,1278.00
2024-03-11T10:00:00Z,33824.82,33826.98,33742.36,33743.35,1135.92
2024-03-11T11:00:00Z,33719.73,33720.94,33717.71,33718.32,1457.25
2024-03-11T12:00:00Z,33714.43,33865.63,33608.52,33806.87,1185.43
2024-03-11T13:00:00Z,33811.48,33946.84,33743.38,33905.89,1097.03
2024-03-11T14:00:00Z,33899.69,34037.91,33862.92,33927.86,1456.51
2024-03-11T15:00:00Z,33928.87,33975.40,33765.26,33800.21,1066.70
2024-03-11T16:00:00Z,33772.67,33861.71,33730.40,33823.97,1194.06
2024-03-11T17:00:00Z,33821.32,33852.52,33730.35,33849.46,1021.55
2024-03-11T18:00:00Z,33845.27,33876.79,33746.15,33799.88,1409.43
2024-03-11T19:00:00Z,33788.50,33834.84,33767.41,33794.13,1290.33
2024-03-11T20:00:00Z,33793.74,33861.35,33726.38,33859.12,1205.84
2024-03-11T21:00:00Z,33849.72,33879.86,33801.12,33877.60,1338.28
2024-03-11T22:00:00Z,33873.23,34003.61,33804.51,33885.71,1171.19
2024-03-11T23:00:00Z,33887.19,34002.51,33857.99,33900.76,1125.84
2024-03-12T00:00:00Z,33884.14,33918.72,33759.13,33872.69,1007.44
2024-03-12T01:00:00Z,33878.97,34013.58,33837.39,33848.82,1005.21
2024-03-12T02:00:00Z,33833.02,33866.60,33799.29,33842.01,1198.68
2024-03-12T03:00:00Z,33819.74,33898.25,33722.59,33860.05,1488.75
2024-03-12T04:00:00Z,33839.54,33992.19,33681.94,33712.16,1006.12
2024-03-12T05:00:00Z,33685.24,33753.34,33640.82,33729.53,1347.51
2024-03-12T06:00:00Z,33730.37,33856.88,33718.68,33828.85,1382.66
2024-03-12T07:00:00Z,33800.48,33806.61,33708.43,33722.83,1267.39
2024-03-12T08:00:00Z,33711.55,33819.82,33610.59,33660.05,1403.24
2024-03-12T09:00:00Z,33641.71,33698.93,33595.09,33604.87,1210.86
2024-03-12T10:00:00Z,33624.43,33718.58,33605.94,33714.09,1460.32
2024-03-12T11:00:00Z,33727.61,33835.39,33603.84,33675.83,1165.01
2024-03-12T12:00:00Z,33647.83,33673.21,33572.92,33608.24,1044.99
2024-03-12T13:00:00Z,33597.77,33701.04,33578.74,33611.77,1113.15
2024-03-12T14:00:00Z,33611.93,33646.45,33476.92,33485.67,1019.84
2024-03-12T15:00:00Z,33476.37,33570.92,33408.50,33478.52,1477.18
2024-03-12T16:00:00Z,33496.55,33528.19,33467.28,33502.31,1066.49
2024-03-12T17:00:00Z,33508.80,33552.65,33382.69,33417.29,1349.16
2024-03-12T18:00:00Z,33413.54,33419.95,33335.99,33345.85,1234.22
2024-03-12T19:00:00Z,33341.63,33365.42,33254.36,33279.68,1236.24
2024-03-12T20:00:00Z,33293.01,33316.52,33212.91,33247.81,1085.31
2024-03-12T21:00:00Z,33218.95,33269.99,33139.07,33215.45,1297.12
2024-03-12T22:00:00Z,33212.01,33316.37,33125.88,33177.95,1016.75
2024-03-12T23:00:00Z,33159.07,33160.45,33156.83,33158.87,1252.60
2024-03-13T00:00:00Z,33140.66,33202.89,33044.64,33081.32,1175.16
2024-03-13T01:00:00Z,33081.71,33095.40,32969.27,33094.56,1168.01
2024-03-13T02:00:00Z,33083.18,33096.87,32938.56,32982.65,1019.73
2024-03-13T03:00:00Z,32981.28,33113.44,32883.44,33075.49,1241.82
2024-03-13T04:00:00Z,33053.85,33202.11,32985.61,32985.94,1168.46
2024-03-13T05:00:00Z,32995.68,33057.29,32947.63,33056.65,1093.81
2024-03-13T06:00:00Z,33045.65,33070.69,32875.34,33026.40,1294.51
2024-03-13T07:00:00Z,33006.50,33069.80,32999.75,33059.23,1072.88
2024-03-13T08:00:00Z,33055.25,33076.18,32922.27,33046.94,1457.84
2024-03-13T09:00:00Z,33062.42,33067.47,32964.56,33056.94,1235.16
2024-03-13T10:00:00Z,33060.13,33202.34,32906.52,33029.60,1110.06
2024-03-13T11:00:00Z,33042.54,33097.26,32959.03,33089.02,1317.13
2024-03-13T12:00:00Z,33069.96,33086.89,32907.86,32968.64,1139.63
2024-03-13T13:00:00Z,32960.64,33021.56,32862.32,32867.95,1057.77
2024-03-13T14:00:00Z,32864.48,32989.09,32783.50,32914.29,1408.50
2024-03-13T15:00:00Z,32930.52,33081.88,32841.82,33043.70,1404.89
2024-03-13T16:00:00Z,33043.16,33166.83,33029.57,33103.67,1057.55
2024-03-13T17:00:00Z,33090.41,33131.15,33025.12,33055.95,1064.74
2024-03-13T18:00:00Z,33032.18,33164.72,32886.99,33027.30,1231.66
2024-03-13T19:00:00Z,33013.36,33015.28,32966.08,32974.30,1162.55
2024-03-13T20:00:00Z,32973.93,33000.60,32962.27,32998.11,1011.67
2024-03-13T21:00:00Z,33005.47,33103.70,32912.29,33013.38,1351.08
2024-03-13T22:00:00Z,33026.74,33114.85,33010.53,33049.99,1280.13
2024-03-13T23:00:00Z,33063.45,33130.03,32946.44,32946.61,1227.89
2024-03-14T00:00:00Z,32931.97,32956.32,32864.62,32913.97,1363.65
2024-03-14T01:00:00Z,32928.92,32974.23,32913.69,32960.66,1341.71
2024-03-14T02:00:00Z,32945.17,32982.45,32803.16,32962.25,1448.88
2024-03-14T03:00:00Z,32938.72,33033.86,32853.34,32939.54,1395.51
2024-03-14T04:00:00Z,32940.29,33000.86,32830.08,32924.23,1437.76
2024-03-14T05:00:00Z,32896.95,32909.52,32788.03,32792.37,1335.03
2024-03-14T06:00:00Z,32771.62,32834.76,32714.82,32779.25,1013.77
2024-03-14T07:00:00Z,32779.01,32837.70,32775.52,32809.47,1328.60
2024-03-14T08:00:00Z,32781.71,32865.36,32693.41,32818.20,1321.32
2024-03-14T09:00:00Z,32801.52,32901.01,32739.49,32849.68,1313.48
2024-03-14T10:00:00Z,32869.14,32870.65,32777.52,32817.71,1422.39
2024-03-14T11:00:00Z,32837.70,33012.74,32750.19,32800.68,1221.95
2024-03-14T12:00:00Z,32781.84,32936.11,32727.19,32853.34,1032.90
2024-03-14T13:00:00Z,32850.24,32923.18,32826.78,32842.71,1031.17
2024-03-14T14:00:00Z,32859.67,32889.29,32721.61,32833.51,1282.06
2024-03-14T15:00:00Z,32816.46,32819.82,32737.62,32803.24,1039.74
2024-03-14T16:00:00Z,32790.17,32927.71,32779.76,32916.73,1210.35
2024-03-14T17:00:00Z,32933.37,33078.72,32781.35,32921.73,1454.98
2024-03-14T18:00:00Z,32932.00,33019.38,32855.08,32958.64,1017.76
2024-03-14T19:00:00Z,32959.95,33103.16,32936.57,33100.16,1416.07
2024-03-14T20:00:00Z,33101.63,33143.17,33001.46,33002.33,1402.38
2024-03-14T21:00:00Z,32996.57,32998.16,32945.24,32948.47,1196.12
2024-03-14T22:00:00Z,32961.88,33086.99,32948.02,33064.81,1420.74
2024-03-14T23:00:00Z,33041.89,33180.97,32979.42,33125.35,1145.69
2024-03-15T00:00:00Z,33123.74,33171.37,33059.26,33134.08,1145.99
2024-03-15T01:00:00Z,33143.15,33179.97,33098.24,33147.41,1488.98
2024-03-15T02:00:00Z,33149.28,33172.97,33116.15,33135.60,1212.83
2024-03-15T03:00:00Z,33143.17,33277.10,33104.55,33133.26,1177.61
2024-03-15T04:00:00Z,33104.01,33154.48,33022.67,33115.94,1111.83
2024-03-15T05:00:00Z,33116.73,33264.70,33059.91,33093.24,1330.62
2024-03-15T06:00:00Z,33070.01,33188.52,33017.63,33083.65,1499.99
2024-03-15T07:00:00Z,33103.40,33189.96,33048.39,33139.26,1353.60
2024-03-15T08:00:00Z,33140.46,33238.10,33094.78,33097.72,1240.26
2024-03-15T09:00:00Z,33096.09,33177.13,33041.75,33153.56,1055.65
2024-03-15T10:00:00Z,33159.58,33219.36,33077.29,33114.90,1276.91
2024-03-15T11:00:00Z,33127.52,33169.37,33043.74,33157.61,1444.24
2024-03-15T12:00:00Z,33166.30,33325.35,33144.14,33185.11,1431.33
2024-03-15T13:00:00Z,33192.22,33194.01,33066.11,33084.02,1286.75
2024-03-15T14:00:00Z,33088.68,33213.39,33062.44,33093.18,1267.25
2024-03-15T15:00:00Z,33091.03,33180.26,33052.24,33068.64,1196.04
2024-03-15T16:00:00Z,33067.74,33153.24,33065.76,33147.86,1033.53
2024-03-15T17:00:00Z,33149.27,33274.30,33070.30,33129.07,1066.41
2024-03-15T18:00:00Z,33104.72,33133.23,33015.31,33021.34,1170.01
2024-03-15T19:00:00Z,33012.30,33129.29,32866.00,32961.94,1332.31
2024-03-15T20:00:00Z,32941.56,33020.26,32900.19,32937.96,1307.35
2024-03-15T21:00:00Z,32941.92,33065.66,32829.08,32954.37,1300.33
2024-03-15T22:00:00Z,32949.09,32989.14,32816.02,32978.00,1036.39
2024-03-15T23:00:00Z,32974.06,33014.42,32857.16,32899.50,1146.41
2024-03-16T00:00:00Z,32869.82,32883.30,32736.80,32868.95,1493.50
2024-03-16T01:00:00Z,32865.52,32971.07,32727.73,32789.45,1334.46
2024-03-16T02:00:00Z,32771.18,32866.55,32683.56,32724.77,1381.06
2024-03-16T03:00:00Z,32729.93,32826.64,32658.53,32735.27,1397.90
2024-03-16T04:00:00Z,32712.01,32830.56,32641.95,32653.65,1357.87
2024-03-16T05:00:00Z,32634.12,32656.89,32560.47,32566.15,1251.87
2024-03-16T06:00:00Z,32564.45,32598.20,32455.13,32569.06,1215.19
2024-03-16T07:00:00Z,32562.55,32663.80,32451.44,32663.28,1478.49
2024-03-16T08:00:00Z,32657.80,32853.33,32530.49,32739.11,1373.73
2024-03-16T09:00:00Z,32749.15,32878.70,32614.85,32777.05,1179.62
2024-03-16T10:00:00Z,32762.92,32893.91,32627.90,32746.76,1313.34
2024-03-16T11:00:00Z,32724.92,32817.97,32647.33,32677.20,1306.28
2024-03-16T12:00:00Z,32662.53,32751.38,32513.82,32555.69,1272.16
2024-03-16T13:00:00Z,32533.43,32705.54,32373.13,32602.73,1137.49
2024-03-16T14:00:00Z,32616.43,32722.87,32570.43,32646.57,1002.11
2024-03-16T15:00:00Z,32648.44,32678.37,32584.58,32670.35,1460.77
2024-03-16T16:00:00Z,32646.76,32667.50,32599.26,32623.12,1434.75
2024-03-16T17:00:00Z,32633.28,32690.76,32501.59,32681.25,1091.63
2024-03-16T18:00:00Z,32654.57,32703.41,32597.40,32661.74,1225.23
2024-03-16T19:00:00Z,32633.96,32785.86,32568.71,32651.74,1186.26
2024-03-16T20:00:00Z,32631.85,32694.82,32591.76,32633.65,1044.12
2024-03-16T21:00:00Z,32616.88,32693.73,32515.96,32676.68,1187.70
2024-03-16T22:00:00Z,32661.92,32672.17,32629.44,32642.75,1493.11
2024-03-16T23:00:00Z,32646.00,32744.45,32532.32,32551.30,1245.42
2024-03-17T00:00:00Z,32536.70,32566.32,32469.58,32515.35,1172.69
2024-03-17T01:00:00Z,32499.17,32585.83,32374.82,32388.12,1360.78
2024-03-17T02:00:00Z,32361.03,32362.53,32333.03,32342.01,1047.11
2024-03-17T03:00:00Z,32326.37,32445.33,32157.07,32191.44,1123.28
2024-03-17T04:00:00Z,32201.44,32204.26,32130.02,32142.66,1381.28
2024-03-17T05:00:00Z,32146.15,32148.86,31992.24,32130.04,1326.62
2024-03-17T06:00:00Z,32139.23,32296.71,32026.42,32065.58,1470.75
2024-03-17T07:00:00Z,32076.45,32149.79,32043.77,32123.62,1042.14
2024-03-17T08:00:00Z,32108.56,32156.54,32071.32,32077.61,1312.17
2024-03-17T09:00:00Z,32063.35,32224.70,31935.42,32195.00,1390.55
2024-03-17T10:00:00Z,32208.90,32292.40,32198.79,32236.68,1005.01
2024-03-17T11:00:00Z,32222.17,32303.51,32124.90,32224.89,1010.80
2024-03-17T12:00:00Z,32220.02,32259.01,32095.77,32249.73,1192.22
2024-03-17T13:00:00Z,32260.65,32345.02,32181.36,32303.84,1111.63
2024-03-17T14:00:00Z,32316.74,32433.88,32190.57,32328.51,1172.89
2024-03-17T15:00:00Z,32326.01,32434.19,32241.26,32390.56,1391.89
2024-03-17T16:00:00Z,32378.80,32476.31,32288.44,32301.23,1299.62
2024-03-17T17:00:00Z,32289.56,32404.79,32287.11,32393.21,1486.17
2024-03-17T18:00:00Z,32412.94,32551.76,32369.30,32401.22,1477.14
2024-03-17T19:00:00Z,32408.43,32421.25,32371.90,32388.84,1349.92
2024-03-17T20:00:00Z,32365.76,32519.18,32331.77,32405.01,1054.22
2024-03-17T21:00:00Z,32420.87,32469.26,32323.67,32345.97,1291.61
2024-03-17T22:00:00Z,32341.02,32444.02,32295.11,32438.50,1273.74
2024-03-17T23:00:00Z,32453.24,32531.83,32390.57,32526.58,1248.20
2024-03-18T00:00:00Z,32503.38,32554.46,32420.19,32443.12,1373.47
2024-03-18T01:00:00Z,32448.37,32562.83,32342.45,32360.45,1076.69
2024-03-18T02:00:00Z,32337.81,32495.43,32224.16,32309.95,1081.95
2024-03-18T03:00:00Z,32306.55,32374.07,32261.75,32370.41,1100.65
2024-03-18T04:00:00Z,32373.87,32426.46,32359.87,32424.50,1346.05
2024-03-18T05:00:00Z,32414.60,32493.81,32308.38,32385.82,1228.22
2024-03-18T06:00:00Z,32360.16,32455.88,32246.28,32309.25,1089.16
2024-03-18T07:00:00Z,32305.66,32329.71,32187.06,32322.59,1429.15
2024-03-18T08:00:00Z,32313.04,32352.30,32249.74,32337.05,1486.61
2024-03-18T09:00:00Z,32324.97,32332.70,32289.02,32328.39,1301.28
2024-03-18T10:00:00Z,32347.93,32385.71,32315.47,32332.36,1274.53
2024-03-18T11:00:00Z,32321.81,32434.31,32312.40,32402.52,1098.29
2024-03-18T12:00:00Z,32410.88,32454.65,32318.60,32451.69,1291.96
2024-03-18T13:00:00Z,32462.39,32570.09,32450.46,32483.40,1141.64
2024-03-18T14:00:00Z,32497.37,32663.12,32457.87,32546.46,1245.84
2024-03-18T15:00:00Z,32517.61,32550.71,32378.07,32428.15,1279.96
2024-03-18T16:00:00Z,32445.55,32534.97,32403.70,32521.78,1221.16
2024-03-18T17:00:00Z,32533.55,32629.60,32438.53,32521.14,1086.42
2024-03-18T18:00:00Z,32515.13,32527.09,32450.02,32478.71,1390.95
2024-03-18T19:00:00Z,32480.77,32527.55,32458.23,32520.97,1292.75
2024-03-18T20:00:00Z,32499.09,32506.61,32397.04,32428.05,1248.95
2024-03-18T21:00:00Z,32421.44,32493.86,32414.55,32456.09,1286.12
2024-03-18T22:00:00Z,32468.15,32495.79,32395.20,32426.28,1057.93
2024-03-18T23:00:00Z,32417.73,32559.04,32320.10,32557.46,1012.81
2024-03-19T00:00:00Z,32572.42,32641.88,32517.67,32602.77,1098.43
2024-03-19T01:00:00Z,32583.84,32671.23,32481.02,32522.95,1298.76
2024-03-19T02:00:00Z,32504.74,32606.47,32455.99,32559.99,1377.96
2024-03-19T03:00:00Z,32568.71,32638.04,32514.53,32534.55,1043.44
2024-03-19T04:00:00Z,32513.68,32555.78,32486.04,32493.65,1010.20
2024-03-19T05:00:00Z,32507.95,32511.54,32473.59,32499.52,1026.19
2024-03-19T06:00:00Z,32493.82,32506.40,32457.40,32458.74,1443.12
2024-03-19T07:00:00Z,32472.28,32582.50,32398.39,32542.03,1133.85
2024-03-19T08:00:00Z,32528.28,32540.06,32486.80,32532.69,1131.56
2024-03-19T09:00:00Z,32544.72,32671.37,32490.52,32514.82,1412.02
2024-03-19T10:00:00Z,32503.40,32538.95,32450.10,32536.25,1270.18
2024-03-19T11:00:00Z,32539.92,32693.01,32506.75,32534.54,1093.68
2024-03-19T12:00:00Z,32519.47,32658.33,32472.71,32545.91,1149.03
2024-03-19T13:00:00Z,32528.37,32581.05,32429.92,32488.63,1359.46
2024-03-19T14:00:00Z,32467.29,32600.27,32396.94,32418.10,1015.55
2024-03-19T15:00:00Z,32425.65,32440.69,32274.60,32328.36,1310.52
2024-03-19T16:00:00Z,32318.50,32421.49,32176.04,32372.09,1191.12
2024-03-19T17:00:00Z,32368.54,32487.48,32313.66,32347.43,1193.40
2024-03-19T18:00:00Z,32338.78,32344.68,32241.85,32333.09,1082.72
2024-03-19T19:00:00Z,32305.24,32314.11,32243.51,32276.09,1094.24
2024-03-19T20:00:00Z,32263.55,32410.69,32153.18,32332.31,1097.78
2024-03-19T21:00:00Z,32321.32,32333.20,32260.04,32305.16,1238.85
2024-03-19T22:00:00Z,32317.63,32351.84,32256.34,32339.29,1244.82
2024-03-19T23:00:00Z,32339.29,32410.45,32225.94,32237.67,1172.90
2024-03-20T00:00:00Z,32231.69,32333.43,32181.90,32327.92,1094.51
2024-03-20T01:00:00Z,32307.15,32344.52,32272.74,32299.95,1211.52
2024-03-20T02:00:00Z,32301.28,32391.89,32242.54,32309.75,1090.88
2024-03-20T03:00:00Z,32294.11,32376.70,32276.73,32372.34,1434.80
2024-03-20T04:00:00Z,32359.02,32400.71,32277.10,32284.47,1429.67
2024-03-20T05:00:00Z,32290.70,32429.25,32280.10,32364.63,1459.78
2024-03-20T06:00:00Z,32352.57,32368.40,32279.68,32367.50,1375.87
2024-03-20T07:00:00Z,32342.36,32432.05,32235.09,32315.60,1444.56
2024-03-20T08:00:00Z,32297.14,32408.73,32129.53,32362.08,1209.22
2024-03-20T09:00:00Z,32335.83,32453.74,32258.81,32362.47,1476.87
2024-03-20T10:00:00Z,32372.43,32481.28,32249.75,32284.50,1023.82
2024-03-20T11:00:00Z,32255.91,32305.25,32211.91,32264.95,1241.84
2024-03-20T12:00:00Z,32284.88,32338.83,32167.28,32205.95,1439.64
2024-03-20T13:00:00Z,32219.63,32235.48,32172.47,32183.23,1302.60
2024-03-20T14:00:00Z,32176.66,32282.91,32168.78,32237.08,1175.84
2024-03-20T15:00:00Z,32229.29,32267.05,32119.62,32186.33,1426.35
2024-03-20T16:00:00Z,32167.57,32193.09,32057.92,32133.52,1353.75
2024-03-20T17:00:00Z,32106.17,32223.99,31964.78,32157.14,1217.88
2024-03-20T18:00:00Z,32164.78,32251.63,32164.47,32240.06,1186.27
2024-03-20T19:00:00Z,32234.63,32285.10,32191.22,32230.19,1043.84
2024-03-20T20:00:00Z,32240.48,32284.55,32225.66,32246.20,1078.22
2024-03-20T21:00:00Z,32228.56,32263.14,32128.81,32242.36,1188.55
2024-03-20T22:00:00Z,32253.13,32287.27,32164.41,32177.18,1227.89
2024-03-20T23:00:00Z,32187.34,32332.34,32038.59,32229.38,1041.37
2024-03-21T00:00:00Z,32248.43,32267.73,32226.47,32256.80,1133.76
2024-03-21T01:00:00Z,32232.38,32232.87,32226.30,32228.24,1376.38
2024-03-21T02:00:00Z,32210.87,32225.84,32139.42,32163.68,1397.32
2024-03-21T03:00:00Z,32167.56,32176.63,32147.17,32174.99,1176.94
2024-03-21T04:00:00Z,32152.66,32296.50,31996.60,32225.50,1253.27
2024-03-21T05:00:00Z,32217.90,32282.94,32191.14,32192.34,1381.42
2024-03-21T06:00:00Z,32188.02,32247.92,32107.04,32145.32,1028.97
2024-03-21T07:00:00Z,32149.29,32307.50,32147.14,32205.95,1236.34
2024-03-21T08:00:00Z,32188.98,32214.70,32159.57,32165.53,1101.37
2024-03-21T09:00:00Z,32176.30,32184.03,32143.04,32154.34,1004.61
2024-03-21T10:00:00Z,32154.85,32212.21,32050.70,32087.27,1124.00
2024-03-21T11:00:00Z,32106.34,32287.17,32000.98,32274.11,1137.92
2024-03-21T12:00:00Z,32291.88,32425.91,32266.05,32373.71,1068.77
2024-03-21T13:00:00Z,32355.98,32437.56,32349.54,32402.57,1108.10
2024-03-21T14:00:00Z,32407.68,32544.85,32354.41,32520.85,1157.10
2024-03-21T15:00:00Z,32499.86,32551.16,32377.90,32443.67,1461.40
2024-03-21T16:00:00Z,32423.07,32462.71,32341.45,32376.28,1049.16
2024-03-21T17:00:00Z,32365.66,32431.24,32325.64,32383.53,1075.94
2024-03-21T18:00:00Z,32387.04,32401.71,32351.28,32360.62,1007.01
2024-03-21T19:00:00Z,32333.20,32358.91,32298.11,32328.60,1096.72
2024-03-21T20:00:00Z,32319.87,32455.13,32280.39,32351.50,1190.39
2024-03-21T21:00:00Z,32345.96,32349.86,32237.29,32270.37,1076.05
2024-03-21T22:00:00Z,32285.31,32362.31,32228.18,32263.39,1188.36
2024-03-21T23:00:00Z,32243.54,32259.57,32233.14,32242.45,1476.73
2024-03-22T00:00:00Z,32217.19,32349.11,32098.19,32136.94,1463.10
2024-03-22T01:00:00Z,32146.58,32222.15,32080.58,32192.43,1314.87
2024-03-22T02:00:00Z,32178.19,32220.77,32087.84,32187.96,1160.61
2024-03-22T03:00:00Z,32197.30,32281.53,32128.93,32195.46,1370.83
2024-03-22T04:00:00Z,32177.42,32211.85,32110.57,32192.90,1276.75
2024-03-22T05:00:00Z,32193.49,32223.25,32125.60,32194.60,1411.29
2024-03-22T06:00:00Z,32200.64,32257.72,32177.80,32220.06,1201.89
2024-03-22T07:00:00Z,32198.84,32270.70,32123.16,32261.12,1207.16
2024-03-22T08:00:00Z,32270.71,32348.67,32243.17,32338.03,1498.24
2024-03-22T09:00:00Z,32343.89,32413.74,32313.09,32323.43,1125.40
2024-03-22T10:00:00Z,32329.45,32358.39,32303.73,32351.02,1128.04
2024-03-22T11:00:00Z,32332.33,32453.22,32157.71,32413.30,1037.19
2024-03-22T12:00:00Z,32383.49,32444.87,32264.63,32318.96,1383.89
2024-03-22T13:00:00Z,32303.21,32366.84,32248.63,32272.82,1413.64
2024-03-22T14:00:00Z,32287.92,32418.53,32225.13,32295.77,1378.53
2024-03-22T15:00:00Z,32267.84,32434.33,32109.86,32188.99,1370.98
2024-03-22T16:00:00Z,32206.19,32210.18,32146.54,32175.67,1042.51
2024-03-22T17:00:00Z,32179.77,32254.81,32078.53,32195.19,1010.80
2024-03-22T18:00:00Z,32169.03,32276.00,32061.88,32126.58,1364.47
2024-03-22T19:00:00Z,32103.11,32203.26,32010.07,32143.46,1448.92
2024-03-22T20:00:00Z,32148.51,32264.64,32093.42,32179.47,1357.34
2024-03-22T21:00:00Z,32169.76,32291.81,32148.73,32246.65,1075.35
2024-03-22T22:00:00Z,32251.26,32349.34,32207.47,32344.90,1316.82
2024-03-22T23:00:00Z,32345.94,32452.76,32184.65,32380.31,1394.71
2024-03-23T00:00:00Z,32359.72,32413.15,32293.38,32410.19,1146.93
2024-03-23T01:00:00Z,32384.22,32475.09,32246.08,32347.75,1198.36
2024-03-23T02:00:00Z,32326.83,32507.85,32201.10,32268.53,1041.81
2024-03-23T03:00:00Z,32244.43,32322.51,32091.51,32142.50,1148.85
2024-03-23T04:00:00Z,32141.12,32173.32,31997.60,32172.82,1279.64
2024-03-23T05:00:00Z,32168.38,32326.11,32167.72,32324.86,1353.75
2024-03-23T06:00:00Z,32307.32,32335.36,32233.88,32255.56,1318.66
2024-03-23T07:00:00Z,32250.19,32336.73,32153.39,32173.13,1135.78
2024-03-23T08:00:00Z,32152.34,32243.22,32058.70,32062.02,1079.65
2024-03-23T09:00:00Z,32069.30,32190.08,31935.37,32114.28,1259.34
2024-03-23T10:00:00Z,32086.77,32208.94,32049.84,32205.37,1494.09
2024-03-23T11:00:00Z,32185.74,32264.32,32149.63,32173.55,1436.46
2024-03-23T12:00:00Z,32186.01,32201.55,32101.22,32109.38,1266.56
2024-03-23T13:00:00Z,32123.94,32291.35,32077.00,32111.79,1164.00
2024-03-23T14:00:00Z,32109.00,32194.48,32084.47,32178.51,1198.97
2024-03-23T15:00:00Z,32194.72,32319.06,32131.96,32280.62,1032.48
2024-03-23T16:00:00Z,32255.75,32345.24,32230.45,32344.70,1083.64
2024-03-23T17:00:00Z,32327.51,32418.18,32293.86,32347.82,1408.34
2024-03-23T18:00:00Z,32340.73,32443.73,32232.33,32273.76,1087.76
2024-03-23T19:00:00Z,32248.64,32277.06,32179.88,32262.65,1400.33
2024-03-23T20:00:00Z,32274.68,32327.14,32248.51,32311.64,1376.57
2024-03-23T21:00:00Z,32317.21,32423.94,32308.51,32387.38,1135.94
2024-03-23T22:00:00Z,32403.12,32524.21,32385.63,32392.03,1175.39
2024-03-23T23:00:00Z,32389.97,32497.61,32261.61,32389.71,1205.74
2024-03-24T00:00:00Z,32383.81,32520.36,32247.81,32513.87,1032.93
2024-03-24T01:00:00Z,32497.21,32664.31,32354.99,32479.51,1038.04
2024-03-24T02:00:00Z,32461.56,32562.59,32330.36,32503.61,1016.11
2024-03-24T03:00:00Z,32474.41,32518.74,32443.27,32509.13,1214.94
2024-03-24T04:00:00Z,32479.30,32586.38,32326.69,32361.49,1403.21
2024-03-24T05:00:00Z,32378.62,32379.38,32328.85,32366.60,1365.27
2024-03-24T06:00:00Z,32346.95,32405.79,32328.88,32367.41,1395.30
2024-03-24T07:00:00Z,32380.67,32442.36,32342.17,32376.97,1176.26
